gene_id	gene_symbol	description	scientific_name	common_name	tax_id	genomic_range	orientation	location	gene_type	transcript_accession	transcript_name	transcript_length	transcript_cds_coords	protein_accession	isoform_name	protein_length	protein_name
100014706	ALOXE3	arachidonate lipoxygenase 3	Monodelphis domestica	gray short-tailed opossum	13616	NC_008802.1:254338445-254362841	+	chr 2	PROTEIN_CODING	XM_001368928.3		3280	XM_001368928.3:403-2535	XP_001368965.1		710	hydroperoxide isomerase ALOXE3
100062351	ALOXE3	arachidonate lipoxygenase 3	Equus caballus	horse	9796	NC_009154.3:51334433-51354109	-	chr 11	PROTEIN_CODING	XM_014728626.2	transcript variant X1	3681	XM_014728626.2:1535-3670	XP_014584112.2	isoform X1	711	hydroperoxide isomerase ALOXE3
100062351	ALOXE3	arachidonate lipoxygenase 3	Equus caballus	horse	9796	NC_009154.3:51334433-51354109	-	chr 11	PROTEIN_CODING	XM_014728628.2	transcript variant X2	5460	XM_014728628.2:1540-3597	XP_014584114.1	isoform X2	685	hydroperoxide isomerase ALOXE3
100078389	ALOXE3	arachidonate lipoxygenase 3	Ornithorhynchus anatinus	platypus	9258	NC_041753.1:6388485-6411917	+	chr X5	PROTEIN_CODING	XM_029054842.1		2315	XM_029054842.1:4-2136	XP_028910675.1		710	hydroperoxide isomerase ALOXE3
100342323	ALOXE3	arachidonate lipoxygenase 3	Oryctolagus cuniculus	rabbit	9986	NC_013687.1:11125501-11149802	+	chr 19	PROTEIN_CODING	XM_008270760.2		3485	XM_008270760.2:776-2914	XP_008268982.1		712	hydroperoxide isomerase ALOXE3
100410917	ALOXE3	arachidonate lipoxygenase 3	Callithrix jacchus	white-tufted-ear marmoset	9483	NC_048387.1:73319657-73346885	-	chr 5	PROTEIN_CODING	XM_008996564.3		3311	XM_008996564.3:279-2603	XP_008994812.1		774	hydroperoxide isomerase ALOXE3
100451294	ALOXE3	arachidonate lipoxygenase 3	Pongo abelii	Sumatran orangutan	9601	NC_036920.1:7949380-7972857	-	chr 17	PROTEIN_CODING	XM_024235150.1	transcript variant X1	3513	XM_024235150.1:162-2801	XP_024090918.1	isoform X1	879	hydroperoxide isomerase ALOXE3
100451294	ALOXE3	arachidonate lipoxygenase 3	Pongo abelii	Sumatran orangutan	9601	NC_036920.1:7949380-7972857	-	chr 17	PROTEIN_CODING	XM_024235151.1	transcript variant X2	3218	XM_024235151.1:371-2506	XP_024090919.1	isoform X2	711	hydroperoxide isomerase ALOXE3
100479842	ALOXE3	arachidonate lipoxygenase 3	Ailuropoda melanoleuca	giant panda	9646	NC_048234.1:2761494-2781978	-	chr 17	PROTEIN_CODING	XM_011227413.3	transcript variant X1	3321	XM_011227413.3:1060-3195	XP_011225715.2	isoform X1	711	hydroperoxide isomerase ALOXE3
100479842	ALOXE3	arachidonate lipoxygenase 3	Ailuropoda melanoleuca	giant panda	9646	NC_048234.1:2761494-2781978	-	chr 17	PROTEIN_CODING	XM_019801750.2	transcript variant X2	2970	XM_019801750.2:1062-2858	XP_019657309.2	isoform X2	598	hydroperoxide isomerase ALOXE3
100511043	ALOXE3	arachidonate lipoxygenase 3	Sus scrofa	pig	9823	NC_010454.4:53309845-53331780	-	chr 12	PROTEIN_CODING	XM_021067857.1		3267	XM_021067857.1:457-2592	XP_020923516.1		711	LOW QUALITY PROTEIN: hydroperoxide isomerase ALOXE3
100671875	ALOXE3	arachidonate lipoxygenase 3	Loxodonta africana	African savanna elephant	9785	NW_003573467.1:12135671-12163358	-	chr Un	PROTEIN_CODING	XM_010596595.2		4208	XM_010596595.2:40-2175	XP_010594897.1		711	hydroperoxide isomerase ALOXE3
100731721	Aloxe3	arachidonate lipoxygenase 3	Cavia porcellus	domestic guinea pig	10141	NT_176358.1:8557349-8577496	+	chr Un	PROTEIN_CODING	XM_003466236.4		3031	XM_003466236.4:252-2387	XP_003466284.1		711	hydroperoxide isomerase ALOXE3
100754187	Aloxe3	arachidonate lipoxygenase 3	Cricetulus griseus	Chinese hamster	10029	NW_003613643.1:1208081-1231787;NC_048600.1:82998256-83022294	+;+	chr 7	PROTEIN_CODING	XM_035439340.1	transcript variant X1	3922	XM_035439340.1:1011-3266	XP_035295231.1	isoform X1	751	LOW QUALITY PROTEIN: hydroperoxide isomerase ALOXE3
100754187	Aloxe3	arachidonate lipoxygenase 3	Cricetulus griseus	Chinese hamster	10029	NW_003613643.1:1208081-1231787;NC_048600.1:82998256-83022294	+;+	chr 7	PROTEIN_CODING	XR_004770801.1	transcript variant X8	4307					
100754187	Aloxe3	arachidonate lipoxygenase 3	Cricetulus griseus	Chinese hamster	10029	NW_003613643.1:1208081-1231787;NC_048600.1:82998256-83022294	+;+	chr 7	PROTEIN_CODING	XM_035447933.1	transcript variant X7	2660	XM_035447933.1:525-2660	XP_035303824.1	isoform X6	711	hydroperoxide isomerase ALOXE3
100754187	Aloxe3	arachidonate lipoxygenase 3	Cricetulus griseus	Chinese hamster	10029	NW_003613643.1:1208081-1231787;NC_048600.1:82998256-83022294	+;+	chr 7	PROTEIN_CODING	XM_035447932.1	transcript variant X6	2589	XM_035447932.1:442-2589	XP_035303823.1	isoform X5	715	hydroperoxide isomerase ALOXE3
100754187	Aloxe3	arachidonate lipoxygenase 3	Cricetulus griseus	Chinese hamster	10029	NW_003613643.1:1208081-1231787;NC_048600.1:82998256-83022294	+;+	chr 7	PROTEIN_CODING	XM_027427049.2	transcript variant X4	2971	XM_027427049.2:743-2971	XP_027282850.1	isoform X4	742	hydroperoxide isomerase ALOXE3
100754187	Aloxe3	arachidonate lipoxygenase 3	Cricetulus griseus	Chinese hamster	10029	NW_003613643.1:1208081-1231787;NC_048600.1:82998256-83022294	+;+	chr 7	PROTEIN_CODING	XM_027427050.2	transcript variant X5	2752	XM_027427050.2:524-2752	XP_027282851.1	isoform X4	742	hydroperoxide isomerase ALOXE3
100754187	Aloxe3	arachidonate lipoxygenase 3	Cricetulus griseus	Chinese hamster	10029	NW_003613643.1:1208081-1231787;NC_048600.1:82998256-83022294	+;+	chr 7	PROTEIN_CODING	XM_027427048.2	transcript variant X3	2681	XM_027427048.2:441-2681	XP_027282849.1	isoform X3	746	hydroperoxide isomerase ALOXE3
100754187	Aloxe3	arachidonate lipoxygenase 3	Cricetulus griseus	Chinese hamster	10029	NW_003613643.1:1208081-1231787;NC_048600.1:82998256-83022294	+;+	chr 7	PROTEIN_CODING	XM_027427047.2	transcript variant X2	2826	XM_027427047.2:35-2170	XP_027282848.1	isoform X2	711	hydroperoxide isomerase ALOXE3
100934620	ALOXE3	arachidonate lipoxygenase 3	Sarcophilus harrisii	Tasmanian devil	9305	NC_045429.1:290271872-290294328	-	chr 4	PROTEIN_CODING	XM_003768727.2		3490	XM_003768727.2:237-2372	XP_003768775.1		711	hydroperoxide isomerase ALOXE3
100958391	ALOXE3	arachidonate lipoxygenase 3	Otolemur garnettii	small-eared galago	30611	NW_003852441.1:11154519-11179086	+	chr Un	PROTEIN_CODING	XM_003791118.2		2899	XM_003791118.2:507-2642	XP_003791166.1		711	hydroperoxide isomerase ALOXE3
100972484	ALOXE3	arachidonate lipoxygenase 3	Pan paniscus	pygmy chimpanzee	9597	NC_048256.1:43539657-43562433	+	chr 17	PROTEIN_CODING	XM_003818052.3		3392	XM_003818052.3:25-2664	XP_003818100.2		879	hydroperoxide isomerase ALOXE3
101015325	ALOXE3	arachidonate lipoxygenase 3	Papio anubis	olive baboon	9555	NC_044992.1:7636048-7663827	-	chr 17	PROTEIN_CODING	XM_009189620.4		3604	XM_009189620.4:359-2890	XP_009187884.2		843	LOW QUALITY PROTEIN: hydroperoxide isomerase ALOXE3
101049071	ALOXE3	arachidonate lipoxygenase 3	Saimiri boliviensis	Bolivian squirrel monkey	27679	NW_024100930.1:7556914-7582774	-	chr Un	PROTEIN_CODING	XM_003929205.3	transcript variant X1	3336	XM_003929205.3:506-2641	XP_003929254.2	isoform X1	711	hydroperoxide isomerase ALOXE3
101049071	ALOXE3	arachidonate lipoxygenase 3	Saimiri boliviensis	Bolivian squirrel monkey	27679	NW_024100930.1:7556914-7582774	-	chr Un	PROTEIN_CODING	XM_010339813.2	transcript variant X2	3152	XM_010339813.2:325-2457	XP_010338115.2	isoform X2	710	hydroperoxide isomerase ALOXE3
101101515	ALOXE3	arachidonate lipoxygenase 3	Felis catus	domestic cat	9685	NC_058381.1:2873467-2899857	-	chr E1	PROTEIN_CODING	XM_045044720.1	transcript variant X6	2289	XM_045044720.1:262-2256	XP_044900655.1	isoform X4	664	hydroperoxide isomerase ALOXE3
101101515	ALOXE3	arachidonate lipoxygenase 3	Felis catus	domestic cat	9685	NC_058381.1:2873467-2899857	-	chr E1	PROTEIN_CODING	XM_019817110.3	transcript variant X2	3410	XM_019817110.3:465-2600	XP_019672669.1	isoform X1	711	hydroperoxide isomerase ALOXE3
101101515	ALOXE3	arachidonate lipoxygenase 3	Felis catus	domestic cat	9685	NC_058381.1:2873467-2899857	-	chr E1	PROTEIN_CODING	XM_003996190.6	transcript variant X1	3198	XM_003996190.6:253-2388	XP_003996239.1	isoform X1	711	hydroperoxide isomerase ALOXE3
101101515	ALOXE3	arachidonate lipoxygenase 3	Felis catus	domestic cat	9685	NC_058381.1:2873467-2899857	-	chr E1	PROTEIN_CODING	XM_019817111.2	transcript variant X3	3108	XM_019817111.2:163-2298	XP_019672670.1	isoform X1	711	hydroperoxide isomerase ALOXE3
101101515	ALOXE3	arachidonate lipoxygenase 3	Felis catus	domestic cat	9685	NC_058381.1:2873467-2899857	-	chr E1	PROTEIN_CODING	XM_019817112.2	transcript variant X4	3204	XM_019817112.2:262-2394	XP_019672671.1	isoform X2	710	hydroperoxide isomerase ALOXE3
101101515	ALOXE3	arachidonate lipoxygenase 3	Felis catus	domestic cat	9685	NC_058381.1:2873467-2899857	-	chr E1	PROTEIN_CODING	XM_019817113.3	transcript variant X5	3116	XM_019817113.3:261-2306	XP_019672672.1	isoform X3	681	hydroperoxide isomerase ALOXE3
101121693	ALOXE3	arachidonate lipoxygenase 3	Ovis aries	sheep	9940	NC_056064.1:27557726-27578458	-	chr 11	PROTEIN_CODING	XM_012185690.4		3130	XM_012185690.4:277-2412	XP_012041080.2		711	hydroperoxide isomerase ALOXE3
101143347	ALOXE3	arachidonate lipoxygenase 3	Gorilla gorilla	western gorilla	9593	NC_044619.1:7691209-7713770	-	chr 17	PROTEIN_CODING	XM_004058537.3	transcript variant X1	3392	XM_004058537.3:25-2664	XP_004058585.3	isoform X1	879	hydroperoxide isomerase ALOXE3
101143347	ALOXE3	arachidonate lipoxygenase 3	Gorilla gorilla	western gorilla	9593	NC_044619.1:7691209-7713770	-	chr 17	PROTEIN_CODING	XM_004058538.3	transcript variant X2	3234	XM_004058538.3:371-2506	XP_004058586.3	isoform X2	711	hydroperoxide isomerase ALOXE3
101143347	ALOXE3	arachidonate lipoxygenase 3	Gorilla gorilla	western gorilla	9593	NC_044619.1:7691209-7713770	-	chr 17	PROTEIN_CODING	XM_031003369.1	transcript variant X3	3168	XM_031003369.1:308-2440	XP_030859229.1	isoform X3	710	hydroperoxide isomerase ALOXE3
101348431	LOC101348431	arachidonate lipoxygenase 3	Trichechus manatus latirostris	Florida manatee	127582	NW_004443976.1:11439346-11460910	+	chr Un	PROTEIN_CODING	XM_004376007.3		2716	XM_004376007.3:350-2485	XP_004376064.1		711	hydroperoxide isomerase ALOXE3
101371570	ALOXE3	arachidonate lipoxygenase 3	Odobenus rosmarus divergens	Pacific walrus	9708	NW_004450351.1:1965548-1983683	+	chr Un	PROTEIN_CODING	XM_012561715.1		2302	XM_012561715.1:100-2235	XP_012417169.1		711	hydroperoxide isomerase ALOXE3
101395253	LOC101395253	arachidonate lipoxygenase 3	Ceratotherium simum simum	southern white rhinoceros	73337	NW_004454199.1:10354993-10376299	+	chr Un	PROTEIN_CODING	XM_004433101.2		2967	XM_004433101.2:48-2606	XP_004433158.2		852	LOW QUALITY PROTEIN: hydroperoxide isomerase ALOXE3
101433166	ALOXE3	arachidonate lipoxygenase 3	Dasypus novemcinctus	nine-banded armadillo	9361	NW_004481035.1:251273-270679	+	chr Un	PROTEIN_CODING	XM_004462434.3		3216	XM_004462434.3:140-2560	XP_004462491.2		806	hydroperoxide isomerase ALOXE3
101524657	ALOXE3	arachidonate lipoxygenase 3	Ochotona princeps	American pika	9978	NC_050554.1:45560629-45585195	-	chr 19	PROTEIN_CODING	XM_036495970.1	transcript variant X2	2136	XM_036495970.1:1-2136	XP_036351863.1	isoform X2	711	hydroperoxide isomerase ALOXE3
101524657	ALOXE3	arachidonate lipoxygenase 3	Ochotona princeps	American pika	9978	NC_050554.1:45560629-45585195	-	chr 19	PROTEIN_CODING	XM_004594767.1	transcript variant X1	2139	XM_004594767.1:1-2139	XP_004594824.1	isoform X1	712	hydroperoxide isomerase ALOXE3
101554994	ALOXE3	arachidonate lipoxygenase 3	Sorex araneus	European shrew	42254	NW_004545869.1:20948250-20983604	+	chr Un	PROTEIN_CODING	XM_004604846.2		2231	XM_004604846.2:1-2136	XP_004604903.1		711	hydroperoxide isomerase ALOXE3
101562095	Aloxe3	arachidonate lipoxygenase 3	Octodon degus	degu	10160	NW_004524674.1:5689141-5711961	-	chr Un	PROTEIN_CODING	XM_004638440.2		3143	XM_004638440.2:369-2504	XP_004638497.1		711	hydroperoxide isomerase ALOXE3
101593569	Aloxe3	arachidonate lipoxygenase 3	Jaculus jaculus	lesser Egyptian jerboa	51337	NC_059113.1:5121733-5147487	+	chr 12	PROTEIN_CODING	XM_045131170.1	transcript variant X3	3199	XM_045131170.1:331-2466	XP_044987105.1	isoform X1	711	hydroperoxide isomerase ALOXE3
101593569	Aloxe3	arachidonate lipoxygenase 3	Jaculus jaculus	lesser Egyptian jerboa	51337	NC_059113.1:5121733-5147487	+	chr 12	PROTEIN_CODING	XM_045131171.1	transcript variant X4	3157	XM_045131171.1:289-2424	XP_044987106.1	isoform X1	711	hydroperoxide isomerase ALOXE3
101593569	Aloxe3	arachidonate lipoxygenase 3	Jaculus jaculus	lesser Egyptian jerboa	51337	NC_059113.1:5121733-5147487	+	chr 12	PROTEIN_CODING	XM_045131169.1	transcript variant X2	3035	XM_045131169.1:170-2302	XP_044987104.1	isoform X2	710	hydroperoxide isomerase ALOXE3
101593569	Aloxe3	arachidonate lipoxygenase 3	Jaculus jaculus	lesser Egyptian jerboa	51337	NC_059113.1:5121733-5147487	+	chr 12	PROTEIN_CODING	XM_045131168.1	transcript variant X1	3043	XM_045131168.1:175-2310	XP_044987103.1	isoform X1	711	hydroperoxide isomerase ALOXE3
101629306	ALOXE3	arachidonate lipoxygenase 3	Condylura cristata	star-nosed mole	143302	NW_004567118.1:28671144-28691828	+	chr Un	PROTEIN_CODING	XM_012726706.1	transcript variant X2	2818	XM_012726706.1:101-2122	XP_012582160.1	isoform X2	673	hydroperoxide isomerase ALOXE3
101629306	ALOXE3	arachidonate lipoxygenase 3	Condylura cristata	star-nosed mole	143302	NW_004567118.1:28671144-28691828	+	chr Un	PROTEIN_CODING	XM_004684624.2	transcript variant X1	3053	XM_004684624.2:222-2357	XP_004684681.1	isoform X1	711	hydroperoxide isomerase ALOXE3
101671256	ALOXE3	arachidonate lipoxygenase 3	Mustela putorius furo	domestic ferret	9669	NW_025421447.1:7398087-7418806	-	chr Un	PROTEIN_CODING	XM_004760233.3	transcript variant X1	3115	XM_004760233.3:283-2418	XP_004760290.1	isoform X1	711	hydroperoxide isomerase ALOXE3
101671256	ALOXE3	arachidonate lipoxygenase 3	Mustela putorius furo	domestic ferret	9669	NW_025421447.1:7398087-7418806	-	chr Un	PROTEIN_CODING	XM_004760234.3	transcript variant X2	2783	XM_004760234.3:296-2086	XP_004760291.1	isoform X2	596	hydroperoxide isomerase ALOXE3
101709560	Aloxe3	arachidonate lipoxygenase 3	Heterocephalus glaber	naked mole-rat	10181	NW_004624786.1:10666255-10689204	-	chr Un	PROTEIN_CODING	XM_004857474.2		3750	XM_004857474.2:906-3041	XP_004857531.1		711	hydroperoxide isomerase ALOXE3
101838996	Aloxe3	arachidonate lipoxygenase 3	Mesocricetus auratus	golden hamster	10036	NW_024429191.1:48014614-48039308	+	chr Un	PROTEIN_CODING	XM_005067570.4		3609	XM_005067570.4:809-2944	XP_005067627.1		711	hydroperoxide isomerase ALOXE3
101962878	Aloxe3	arachidonate lipoxygenase 3	Ictidomys tridecemlineatus	thirteen-lined ground squirrel	43179	NW_024405602.1:47855295-47876774	-	chr Un	PROTEIN_CODING	XM_040269406.1	transcript variant X2	3102	XM_040269406.1:294-2390	XP_040125340.1	isoform X2	698	hydroperoxide isomerase ALOXE3
101962878	Aloxe3	arachidonate lipoxygenase 3	Ictidomys tridecemlineatus	thirteen-lined ground squirrel	43179	NW_024405602.1:47855295-47876774	-	chr Un	PROTEIN_CODING	XM_005332838.3	transcript variant X1	3682	XM_005332838.3:835-2970	XP_005332895.1	isoform X1	711	hydroperoxide isomerase ALOXE3
101984071	Aloxe3	arachidonate lipoxygenase 3	Microtus ochrogaster	prairie vole	79684	NC_022014.1:29637645-29662557	-	chr 7	PROTEIN_CODING	XM_005349797.3		3107	XM_005349797.3:226-2361	XP_005349854.1		711	hydroperoxide isomerase ALOXE3
102025105	Aloxe3	arachidonate lipoxygenase 3	Chinchilla lanigera	long-tailed chinchilla	34839	NW_004955467.1:8844805-8869230	+	chr Un	PROTEIN_CODING	XM_005399436.2		3084	XM_005399436.2:251-2386	XP_005399493.1		711	hydroperoxide isomerase ALOXE3
102115677	ALOXE3	arachidonate lipoxygenase 3	Macaca fascicularis	crab-eating macaque	9541	NC_052270.1:69451507-69478348	+	chr 16	PROTEIN_CODING	XM_045375374.1	transcript variant X1	3702	XM_045375374.1:853-2988	XP_045231309.1		711	hydroperoxide isomerase ALOXE3
102115677	ALOXE3	arachidonate lipoxygenase 3	Macaca fascicularis	crab-eating macaque	9541	NC_052270.1:69451507-69478348	+	chr 16	PROTEIN_CODING	XM_045375375.1	transcript variant X2	3147	XM_045375375.1:298-2433	XP_045231310.1		711	hydroperoxide isomerase ALOXE3
102173227	ALOXE3	arachidonate lipoxygenase 3	Capra hircus	goat	9925	NC_030826.1:27475881-27496573	-	chr 19	PROTEIN_CODING	XM_005693544.3	transcript variant X2	3058	XM_005693544.3:194-2329	XP_005693601.1	isoform X2	711	hydroperoxide isomerase ALOXE3
102173227	ALOXE3	arachidonate lipoxygenase 3	Capra hircus	goat	9925	NC_030826.1:27475881-27496573	-	chr 19	PROTEIN_CODING	XM_005693545.3	transcript variant X1	2923	XM_005693545.3:92-2194	XP_005693602.1	isoform X1	700	hydroperoxide isomerase ALOXE3
102250064	ALOXE3	arachidonate lipoxygenase 3	Myotis brandtii	Brandt's bat	109478	NW_005370145.1:978276-1003175	-	chr Un	PROTEIN_CODING	XM_014549906.1	transcript variant X2	3277	XM_014549906.1:157-2634	XP_014405392.1	isoform X2	825	hydroperoxide isomerase ALOXE3
102250064	ALOXE3	arachidonate lipoxygenase 3	Myotis brandtii	Brandt's bat	109478	NW_005370145.1:978276-1003175	-	chr Un	PROTEIN_CODING	XM_005878780.2	transcript variant X1	3280	XM_005878780.2:157-2637	XP_005878842.2	isoform X1	826	hydroperoxide isomerase ALOXE3
102408112	ALOXE3	arachidonate lipoxygenase 3	Bubalus bubalis	water buffalo	89462	NC_059159.1:35343770-35364723	+	chr 3	PROTEIN_CODING	XM_006062893.4		3627	XM_006062893.4:290-2485	XP_006062955.1		731	hydroperoxide isomerase ALOXE3
102435376	ALOXE3	arachidonate lipoxygenase 3	Myotis lucifugus	little brown bat	59463	NW_005871468.1:344295-369447	-	chr Un	PROTEIN_CODING	XM_014467968.2	transcript variant X2	2903	XM_014467968.2:128-2260	XP_014323454.1	isoform X2	710	hydroperoxide isomerase ALOXE3
102435376	ALOXE3	arachidonate lipoxygenase 3	Myotis lucifugus	little brown bat	59463	NW_005871468.1:344295-369447	-	chr Un	PROTEIN_CODING	XM_006102592.3	transcript variant X1	2906	XM_006102592.3:128-2263	XP_006102654.1	isoform X1	711	hydroperoxide isomerase ALOXE3
102493953	ALOXE3	arachidonate lipoxygenase 3	Tupaia chinensis	Chinese tree shrew	246437	NW_006159824.1:304234-334168	+	chr Un	PROTEIN_CODING	XM_027773135.1	transcript variant X2	2791	XM_027773135.1:16-2151	XP_027628936.1		711	hydroperoxide isomerase ALOXE3
102493953	ALOXE3	arachidonate lipoxygenase 3	Tupaia chinensis	Chinese tree shrew	246437	NW_006159824.1:304234-334168	+	chr Un	PROTEIN_CODING	XM_027773134.1	transcript variant X1	2682	XM_027773134.1:1-2136	XP_027628935.1		711	hydroperoxide isomerase ALOXE3
102517831	ALOXE3	arachidonate lipoxygenase 3	Camelus ferus	Wild Bactrian camel	419612	NC_045711.1:12462670-12482705	-	chr 16	PROTEIN_CODING	XM_032498743.1		3088	XM_032498743.1:224-2359	XP_032354634.1		711	LOW QUALITY PROTEIN: hydroperoxide isomerase ALOXE3
102528339	ALOXE3	arachidonate lipoxygenase 3	Vicugna pacos	alpaca	30538	NW_022039019.1:110501-130492	-	chr Un	PROTEIN_CODING	XM_031676006.1	transcript variant X3	2648	XM_031676006.1:216-1916	XP_031531866.1	isoform X3	566	hydroperoxide isomerase ALOXE3
102528339	ALOXE3	arachidonate lipoxygenase 3	Vicugna pacos	alpaca	30538	NW_022039019.1:110501-130492	-	chr Un	PROTEIN_CODING	XM_031676005.1	transcript variant X2	2996	XM_031676005.1:216-2264	XP_031531865.1	isoform X2	682	hydroperoxide isomerase ALOXE3
102528339	ALOXE3	arachidonate lipoxygenase 3	Vicugna pacos	alpaca	30538	NW_022039019.1:110501-130492	-	chr Un	PROTEIN_CODING	XM_006217787.3	transcript variant X1	3083	XM_006217787.3:216-2351	XP_006217849.1	isoform X1	711	hydroperoxide isomerase ALOXE3
102728543	ALOXE3	arachidonate lipoxygenase 3	Leptonychotes weddellii	Weddell seal	9713	NW_006383983.1:142835-161927	-	chr Un	PROTEIN_CODING	XM_031033451.1	transcript variant X1	3053	XM_031033451.1:398-2362	XP_030889311.1	isoform X1	654	hydroperoxide isomerase ALOXE3
102728543	ALOXE3	arachidonate lipoxygenase 3	Leptonychotes weddellii	Weddell seal	9713	NW_006383983.1:142835-161927	-	chr Un	PROTEIN_CODING	XM_006738203.2	transcript variant X3	3067	XM_006738203.2:241-2376	XP_006738266.1	isoform X3	711	hydroperoxide isomerase ALOXE3
102728543	ALOXE3	arachidonate lipoxygenase 3	Leptonychotes weddellii	Weddell seal	9713	NW_006383983.1:142835-161927	-	chr Un	PROTEIN_CODING	XM_031033452.1	transcript variant X2	2270	XM_031033452.1:398-2248	XP_030889312.1	isoform X2	616	hydroperoxide isomerase ALOXE3
102763007	ALOXE3	arachidonate lipoxygenase 3	Myotis davidii		225400	NW_006289395.1:828227-850439	-	chr Un	PROTEIN_CODING	XM_015562527.1		3089	XM_015562527.1:321-2420	XP_015418013.1		699	hydroperoxide isomerase ALOXE3
102840453	ALOXE3	arachidonate lipoxygenase 3	Chrysochloris asiatica	Cape golden mole	185453	NW_006408572.1:9855998-9880696	-	chr Un	PROTEIN_CODING	XM_006863399.1		2426	XM_006863399.1:44-2179	XP_006863461.1		711	hydroperoxide isomerase ALOXE3
102869278	ALOXE3	arachidonate lipoxygenase 3	Elephantulus edwardii	Cape elephant shrew	28737	NW_006399996.1:3192128-3217313	-	chr Un	PROTEIN_CODING	XM_006899148.1		2337	XM_006899148.1:1-2139	XP_006899210.1		712	hydroperoxide isomerase ALOXE3
102893198	ALOXE3	arachidonate lipoxygenase 3	Pteropus alecto	black flying fox	9402	NW_006442497.1:3922126-3942708	-	chr Un	PROTEIN_CODING	XM_006922350.3		3708	XM_006922350.3:879-3014	XP_006922412.1		711	hydroperoxide isomerase ALOXE3
102902859	Aloxe3	arachidonate lipoxygenase 3	Peromyscus maniculatus bairdii	prairie deer mouse	230844	NC_056015.1:53211221-53236962	+	chr 8	PROTEIN_CODING	XM_015992342.2	transcript variant X2	3634	XM_015992342.2:866-3001	XP_015847828.1	isoform X2	711	hydroperoxide isomerase ALOXE3
102902859	Aloxe3	arachidonate lipoxygenase 3	Peromyscus maniculatus bairdii	prairie deer mouse	230844	NC_056015.1:53211221-53236962	+	chr 8	PROTEIN_CODING	XM_042282261.1	transcript variant X1	3518	XM_042282261.1:747-2885	XP_042138195.1	isoform X1	712	hydroperoxide isomerase ALOXE3
102902859	Aloxe3	arachidonate lipoxygenase 3	Peromyscus maniculatus bairdii	prairie deer mouse	230844	NC_056015.1:53211221-53236962	+	chr 8	PROTEIN_CODING	XM_042282262.1	transcript variant X3	2518	XM_042282262.1:140-1885	XP_042138196.1	isoform X3	581	hydroperoxide isomerase ALOXE3
102957798	ALOXE3	arachidonate lipoxygenase 3	Panthera tigris	tiger	9694	NC_056673.1:2874178-2893244	-	chr E1	PROTEIN_CODING	XM_042967204.1		2628	XM_042967204.1:16-2151	XP_042823138.1		711	hydroperoxide isomerase ALOXE3
103112923	ALOXE3	arachidonate lipoxygenase 3	Erinaceus europaeus	western European hedgehog	9365	NW_006803932.1:6310084-6367565	-	chr Un	PROTEIN_CODING	XM_007522395.1		2237	XM_007522395.1:1-2136	XP_007522457.1		711	hydroperoxide isomerase ALOXE3
103242340	ALOXE3	arachidonate lipoxygenase 3	Chlorocebus sabaeus	green monkey	60711	NW_023666059.1:13904095-13926227	+	chr Un	PROTEIN_CODING	XM_008010246.2	transcript variant X1	3353	XM_008010246.2:504-2639	XP_008008437.1	isoform X1	711	hydroperoxide isomerase ALOXE3
103242340	ALOXE3	arachidonate lipoxygenase 3	Chlorocebus sabaeus	green monkey	60711	NW_023666059.1:13904095-13926227	+	chr Un	PROTEIN_CODING	XM_037987342.1	transcript variant X2	3040	XM_037987342.1:191-2326	XP_037843270.1	isoform X1	711	hydroperoxide isomerase ALOXE3
103242340	ALOXE3	arachidonate lipoxygenase 3	Chlorocebus sabaeus	green monkey	60711	NW_023666059.1:13904095-13926227	+	chr Un	PROTEIN_CODING	XM_037987343.1	transcript variant X3	3161	XM_037987343.1:315-2447	XP_037843271.1	isoform X2	710	hydroperoxide isomerase ALOXE3
103263442	ALOXE3	arachidonate lipoxygenase 3	Carlito syrichta	Philippine tarsier	1868482	NW_007249213.1:62855-85817	-	chr Un	PROTEIN_CODING	XM_008061122.1		3361	XM_008061122.1:499-2634	XP_008059313.1		711	hydroperoxide isomerase ALOXE3
103296881	ALOXE3	arachidonate lipoxygenase 3	Eptesicus fuscus	big brown bat	29078	NW_007370741.1:4182537-4205043	+	chr Un	PROTEIN_CODING	XM_028128325.1	transcript variant X2	3233	XM_028128325.1:413-2545	XP_027984126.1	isoform X2	710	hydroperoxide isomerase ALOXE3
103296881	ALOXE3	arachidonate lipoxygenase 3	Eptesicus fuscus	big brown bat	29078	NW_007370741.1:4182537-4205043	+	chr Un	PROTEIN_CODING	XM_008153485.2	transcript variant X1	3227	XM_008153485.2:404-2539	XP_008151707.1	isoform X1	711	hydroperoxide isomerase ALOXE3
103564279	ALOXE3	arachidonate lipoxygenase 3	Equus przewalskii	Przewalski's horse	9798	NW_007676075.1:151866-171810	+	chr Un	PROTEIN_CODING	XM_008539915.1		3686	XM_008539915.1:659-3211	XP_008538137.1		850	LOW QUALITY PROTEIN: hydroperoxide isomerase ALOXE3
103597843	ALOXE3	arachidonate lipoxygenase 3	Galeopterus variegatus	Sunda flying lemur	482537	NW_007728553.1:7159-29330	-	chr Un	PROTEIN_CODING	XM_008581697.1		3338	XM_008581697.1:501-2636	XP_008579919.1		711	hydroperoxide isomerase ALOXE3
103660488	ALOXE3	arachidonate lipoxygenase 3	Ursus maritimus	polar bear	29073	NW_024423786.1:60816383-60835833	-	chr Un	PROTEIN_CODING	XM_040628222.1	transcript variant X2	2947	XM_040628222.1:16-2151	XP_040484156.1	isoform X2	711	hydroperoxide isomerase ALOXE3
103660488	ALOXE3	arachidonate lipoxygenase 3	Ursus maritimus	polar bear	29073	NW_024423786.1:60816383-60835833	-	chr Un	PROTEIN_CODING	XM_040628221.1	transcript variant X1	2929	XM_040628221.1:1-2133	XP_040484155.1	isoform X1	710	hydroperoxide isomerase ALOXE3
103752100	Aloxe3	arachidonate lipoxygenase 3	Nannospalax galili	Upper Galilee mountains blind mole rat	1026970	NW_008357929.1:7860480-7884527	+	chr Un	PROTEIN_CODING	XM_008855765.1		2817	XM_008855765.1:555-2690	XP_008853987.1		711	hydroperoxide isomerase ALOXE3
104661680	ALOXE3	arachidonate lipoxygenase 3	Rhinopithecus roxellana	golden snub-nosed monkey	61622	NC_044567.1:70344876-70367952	-	chr 19	PROTEIN_CODING	XM_010362416.2		3340	XM_010362416.2:26-2626	XP_010360718.2		866	hydroperoxide isomerase ALOXE3
104855932	Aloxe3	arachidonate lipoxygenase 3	Fukomys damarensis	Damara mole-rat	885580	NW_022900925.1:9459902-9482503	+	chr Un	PROTEIN_CODING	XM_033762802.1		2870	XM_033762802.1:59-2194	XP_033618693.1		711	hydroperoxide isomerase ALOXE3
104990749	ALOXE3	arachidonate lipoxygenase 3	Bison bison bison		43346	NW_011494752.1:15534523-15554453	+	chr Un	PROTEIN_CODING	XM_010843055.1		2154	XM_010843055.1:19-2154	XP_010841357.1		711	hydroperoxide isomerase ALOXE3
105077530	ALOXE3	arachidonate lipoxygenase 3	Camelus bactrianus	Bactrian camel	9837	NW_011516271.1:937080-956963	-	chr Un	PROTEIN_CODING	XM_010965941.2		2998	XM_010965941.2:106-2268	XP_010964243.1		720	LOW QUALITY PROTEIN: hydroperoxide isomerase ALOXE3
105291240	ALOXE3	arachidonate lipoxygenase 3	Pteropus vampyrus	large flying fox	132908	NW_011888825.1:685979-706421	-	chr Un	PROTEIN_CODING	XM_011358907.2		3746	XM_011358907.2:879-3014	XP_011357209.1		711	hydroperoxide isomerase ALOXE3
105473880	ALOXE3	arachidonate lipoxygenase 3	Macaca nemestrina	pig-tailed macaque	9545	NW_012010689.1:8902868-8931456	-	chr Un	PROTEIN_CODING	XM_011728039.2		3319	XM_011728039.2:74-2605	XP_011726341.1		843	LOW QUALITY PROTEIN: hydroperoxide isomerase ALOXE3
105523640	ALOXE3	arachidonate lipoxygenase 3	Colobus angolensis palliatus		336983	NW_012118154.1:4209932-4235233	-	chr Un	PROTEIN_CODING	XM_011958583.1		3508	XM_011958583.1:269-2794	XP_011813973.1		841	LOW QUALITY PROTEIN: hydroperoxide isomerase ALOXE3
105549852	ALOXE3	arachidonate lipoxygenase 3	Mandrillus leucophaeus	drill	9568	NW_012104920.1:609194-641549	+	chr Un	PROTEIN_CODING	XM_011994517.1	transcript variant X1	3515	XM_011994517.1:666-2801	XP_011849907.1		711	hydroperoxide isomerase ALOXE3
105549852	ALOXE3	arachidonate lipoxygenase 3	Mandrillus leucophaeus	drill	9568	NW_012104920.1:609194-641549	+	chr Un	PROTEIN_CODING	XM_011994518.1	transcript variant X2	3220	XM_011994518.1:371-2506	XP_011849908.1		711	hydroperoxide isomerase ALOXE3
105581968	ALOXE3	arachidonate lipoxygenase 3	Cercocebus atys	sooty mangabey	9531	NW_012000250.1:7799455-7826463	+	chr Un	PROTEIN_CODING	XM_012051858.1	transcript variant X1	3678	XM_012051858.1:829-2964	XP_011907248.1	isoform X1	711	hydroperoxide isomerase ALOXE3
105581968	ALOXE3	arachidonate lipoxygenase 3	Cercocebus atys	sooty mangabey	9531	NW_012000250.1:7799455-7826463	+	chr Un	PROTEIN_CODING	XM_012051868.1	transcript variant X2	3552	XM_012051868.1:829-2838	XP_011907258.1	isoform X2	669	hydroperoxide isomerase ALOXE3
105720825	ALOXE3	arachidonate lipoxygenase 3	Aotus nancymaae	Ma's night monkey	37293	NW_018503389.1:1157782-1184368	-	chr Un	PROTEIN_CODING	XM_012457539.1	transcript variant X2	3386	XM_012457539.1:544-2679	XP_012312962.1		711	hydroperoxide isomerase ALOXE3
105720825	ALOXE3	arachidonate lipoxygenase 3	Aotus nancymaae	Ma's night monkey	37293	NW_018503389.1:1157782-1184368	-	chr Un	PROTEIN_CODING	XM_012457538.1	transcript variant X1	3220	XM_012457538.1:378-2513	XP_012312961.1		711	hydroperoxide isomerase ALOXE3
105819408	ALOXE3	arachidonate lipoxygenase 3	Propithecus coquereli	Coquerel's sifaka	379532	NW_012150641.1:1455588-1474645	+	chr Un	PROTEIN_CODING	XM_012655630.1	transcript variant X1	2811	XM_012655630.1:427-2562	XP_012511084.1		711	hydroperoxide isomerase ALOXE3
105819408	ALOXE3	arachidonate lipoxygenase 3	Propithecus coquereli	Coquerel's sifaka	379532	NW_012150641.1:1455588-1474645	+	chr Un	PROTEIN_CODING	XM_012655631.1	transcript variant X2	2698	XM_012655631.1:331-2466	XP_012511085.1		711	hydroperoxide isomerase ALOXE3
105877288	ALOXE3	arachidonate lipoxygenase 3	Microcebus murinus	gray mouse lemur	30608	NC_033675.1:54957274-54977744	+	chr 16	PROTEIN_CODING	XM_012775682.1	transcript variant X4	3017	XM_012775682.1:178-2313	XP_012631136.1	isoform X3	711	hydroperoxide isomerase ALOXE3
105877288	ALOXE3	arachidonate lipoxygenase 3	Microcebus murinus	gray mouse lemur	30608	NC_033675.1:54957274-54977744	+	chr 16	PROTEIN_CODING	XM_012775676.1	transcript variant X3	3349	XM_012775676.1:228-2645	XP_012631130.1	isoform X2	805	hydroperoxide isomerase ALOXE3
105877288	ALOXE3	arachidonate lipoxygenase 3	Microcebus murinus	gray mouse lemur	30608	NC_033675.1:54957274-54977744	+	chr 16	PROTEIN_CODING	XR_001156882.2	transcript variant X2	1943					
105877288	ALOXE3	arachidonate lipoxygenase 3	Microcebus murinus	gray mouse lemur	30608	NC_033675.1:54957274-54977744	+	chr 16	PROTEIN_CODING	XM_012775692.2	transcript variant X1	2683	XM_012775692.2:36-1784	XP_012631146.2	isoform X1	582	hydroperoxide isomerase ALOXE3
105983368	Aloxe3	arachidonate lipoxygenase 3	Dipodomys ordii	Ord's kangaroo rat	10020	NW_012267235.1:11314214-11343266	+	chr Un	PROTEIN_CODING	XM_013013213.1		2151	XM_013013213.1:7-2145	XP_012868667.1		712	hydroperoxide isomerase ALOXE3
106844234	ALOXE3	arachidonate lipoxygenase 3	Equus asinus	ass	9793	NC_052189.1:13775601-13795989	+	chr 13	PROTEIN_CODING	XM_014861578.2	transcript variant X1	3850	XM_014861578.2:1060-3195	XP_014717064.2	isoform X1	711	hydroperoxide isomerase ALOXE3
106844234	ALOXE3	arachidonate lipoxygenase 3	Equus asinus	ass	9793	NC_052189.1:13775601-13795989	+	chr 13	PROTEIN_CODING	XM_044745145.1	transcript variant X2	3645	XM_044745145.1:1011-3143	XP_044601080.1	isoform X2	710	hydroperoxide isomerase ALOXE3
106972447	ALOXE3	arachidonate lipoxygenase 3	Acinonyx jubatus	cheetah	32536	NW_020834802.1:2762692-2783151	-	chr Un	PROTEIN_CODING	XM_027047381.1	transcript variant X2	3052	XM_027047381.1:402-2537	XP_026903182.1	isoform X1	711	hydroperoxide isomerase ALOXE3
106972447	ALOXE3	arachidonate lipoxygenase 3	Acinonyx jubatus	cheetah	32536	NW_020834802.1:2762692-2783151	-	chr Un	PROTEIN_CODING	XM_027047380.1	transcript variant X1	2909	XM_027047380.1:259-2394	XP_026903181.1	isoform X1	711	hydroperoxide isomerase ALOXE3
106972447	ALOXE3	arachidonate lipoxygenase 3	Acinonyx jubatus	cheetah	32536	NW_020834802.1:2762692-2783151	-	chr Un	PROTEIN_CODING	XM_027047382.1	transcript variant X3	2906	XM_027047382.1:259-2391	XP_026903183.1	isoform X2	710	hydroperoxide isomerase ALOXE3
106972447	ALOXE3	arachidonate lipoxygenase 3	Acinonyx jubatus	cheetah	32536	NW_020834802.1:2762692-2783151	-	chr Un	PROTEIN_CODING	XM_027047383.1	transcript variant X4	2817	XM_027047383.1:257-2302	XP_026903184.1	isoform X3	681	hydroperoxide isomerase ALOXE3
107158021	Aloxe3	arachidonate lipoxygenase 3	Marmota marmota marmota	Alpine marmot	9994	NW_015351302.1:1327598-1348461	-	chr Un	PROTEIN_CODING	XM_015504451.1		2982	XM_015504451.1:118-2253	XP_015359937.1		711	hydroperoxide isomerase ALOXE3
107515646	ALOXE3	arachidonate lipoxygenase 3	Rousettus aegyptiacus	Egyptian rousette	9407	NW_023416309.1:73028055-73047935	+	chr Un	PROTEIN_CODING	XM_016154648.2	transcript variant X1	3349	XM_016154648.2:479-2614	XP_016010134.2	isoform X1	711	hydroperoxide isomerase ALOXE3
107515646	ALOXE3	arachidonate lipoxygenase 3	Rousettus aegyptiacus	Egyptian rousette	9407	NW_023416309.1:73028055-73047935	+	chr Un	PROTEIN_CODING	XM_036223551.1	transcript variant X2	3262	XM_036223551.1:479-2527	XP_036079444.1	isoform X2	682	hydroperoxide isomerase ALOXE3
107544535	ALOXE3	arachidonate lipoxygenase 3	Miniopterus natalensis		291302	NW_015504925.1:761728-783455	-	chr Un	PROTEIN_CODING	XM_016222439.1		2438	XM_016222439.1:64-2199	XP_016077925.1		711	hydroperoxide isomerase ALOXE3
108306542	ALOXE3	arachidonate lipoxygenase 3	Cebus imitator	Panamanian white-faced capuchin	2715852	NW_016107387.1:6131930-6160930	+	chr Un	PROTEIN_CODING	XM_017531534.2	transcript variant X2	2302	XM_017531534.2:329-2212	XP_017387023.2	isoform X2	627	hydroperoxide isomerase ALOXE3
108306542	ALOXE3	arachidonate lipoxygenase 3	Cebus imitator	Panamanian white-faced capuchin	2715852	NW_016107387.1:6131930-6160930	+	chr Un	PROTEIN_CODING	XM_037739618.1	transcript variant X3	2286	XM_037739618.1:329-2212	XP_037595546.1	isoform X2	627	hydroperoxide isomerase ALOXE3
108306542	ALOXE3	arachidonate lipoxygenase 3	Cebus imitator	Panamanian white-faced capuchin	2715852	NW_016107387.1:6131930-6160930	+	chr Un	PROTEIN_CODING	XM_017531535.2	transcript variant X4	2272	XM_017531535.2:327-2189	XP_017387024.2	isoform X3	620	hydroperoxide isomerase ALOXE3
108306542	ALOXE3	arachidonate lipoxygenase 3	Cebus imitator	Panamanian white-faced capuchin	2715852	NW_016107387.1:6131930-6160930	+	chr Un	PROTEIN_CODING	XM_017531536.2	transcript variant X1	3329	XM_017531536.2:319-2628	XP_017387025.2	isoform X1	769	hydroperoxide isomerase ALOXE3
108514454	ALOXE3	arachidonate lipoxygenase 3	Rhinopithecus bieti	black snub-nosed monkey	61621	NW_016814433.1:3616368-3639392	-	chr Un	PROTEIN_CODING	XM_017850735.1		3340	XM_017850735.1:26-2626	XP_017706224.1		866	hydroperoxide isomerase ALOXE3
109245905	ALOXE3	arachidonate lipoxygenase 3	Panthera pardus	leopard	9691	NW_017619906.1:11012609-11032824	+	chr Un	PROTEIN_CODING	XM_019413536.1	transcript variant X2	2963	XM_019413536.1:316-2448	XP_019269081.1	isoform X2	710	hydroperoxide isomerase ALOXE3
109245905	ALOXE3	arachidonate lipoxygenase 3	Panthera pardus	leopard	9691	NW_017619906.1:11012609-11032824	+	chr Un	PROTEIN_CODING	XM_019413535.1	transcript variant X1	2962	XM_019413535.1:312-2447	XP_019269080.1	isoform X1	711	hydroperoxide isomerase ALOXE3
109245905	ALOXE3	arachidonate lipoxygenase 3	Panthera pardus	leopard	9691	NW_017619906.1:11012609-11032824	+	chr Un	PROTEIN_CODING	XM_019413537.1	transcript variant X3	2872	XM_019413537.1:312-2357	XP_019269082.1	isoform X3	681	hydroperoxide isomerase ALOXE3
109395102	ALOXE3	arachidonate lipoxygenase 3	Hipposideros armiger	great roundleaf bat	186990	NW_017731807.1:1281696-1309262	+	chr Un	PROTEIN_CODING	XM_019665892.1	transcript variant X1	3299	XM_019665892.1:300-2528	XP_019521437.1	isoform X1	742	hydroperoxide isomerase ALOXE3
109395102	ALOXE3	arachidonate lipoxygenase 3	Hipposideros armiger	great roundleaf bat	186990	NW_017731807.1:1281696-1309262	+	chr Un	PROTEIN_CODING	XM_019665893.1	transcript variant X2	3209	XM_019665893.1:300-2438	XP_019521438.1	isoform X2	712	hydroperoxide isomerase ALOXE3
109395102	ALOXE3	arachidonate lipoxygenase 3	Hipposideros armiger	great roundleaf bat	186990	NW_017731807.1:1281696-1309262	+	chr Un	PROTEIN_CODING	XR_002126574.1	transcript variant X4	2321					
109395102	ALOXE3	arachidonate lipoxygenase 3	Hipposideros armiger	great roundleaf bat	186990	NW_017731807.1:1281696-1309262	+	chr Un	PROTEIN_CODING	XM_019665894.1	transcript variant X3	3487	XM_019665894.1:581-2716	XP_019521439.1	isoform X3	711	hydroperoxide isomerase ALOXE3
109573427	ALOXE3	arachidonate lipoxygenase 3	Bos indicus	zebu cattle	9915	NC_032668.1:28283272-28303698	-	chr 19	PROTEIN_CODING	XM_019980648.1		2783	XM_019980648.1:28-2163	XP_019836207.1		711	hydroperoxide isomerase ALOXE3
109693886	Aloxe3	arachidonate lipoxygenase 3	Castor canadensis	American beaver	51338	NW_017871425.1:233847-254628	-	chr Un	PROTEIN_CODING	XM_020175493.1	transcript variant X2	2564	XM_020175493.1:69-2204	XP_020031082.1		711	hydroperoxide isomerase ALOXE3
109693886	Aloxe3	arachidonate lipoxygenase 3	Castor canadensis	American beaver	51338	NW_017871425.1:233847-254628	-	chr Un	PROTEIN_CODING	XM_020175492.1	transcript variant X1	2347	XM_020175492.1:180-2315	XP_020031081.1		711	hydroperoxide isomerase ALOXE3
110121817	ALOXE3	arachidonate lipoxygenase 3	Odocoileus virginianus texanus		9880	NW_018337565.1:636543-657339	+	chr Un	PROTEIN_CODING	XM_020869131.1		3002	XM_020869131.1:151-2286	XP_020724790.1		711	hydroperoxide isomerase ALOXE3
110305086	Aloxe3	arachidonate lipoxygenase 3	Mus caroli	Ryukyu mouse	10089	NC_034580.1:63857267-63880787	+	chr 11	PROTEIN_CODING	XM_021176868.1		2532	XM_021176868.1:21-2156	XP_021032527.1		711	hydroperoxide isomerase ALOXE3
110332034	Aloxe3	arachidonate lipoxygenase 3	Mus pahari	shrew mouse	10093	NC_034603.1:36974812-36997143	+	chr 14	PROTEIN_CODING	XM_021212972.2		2509	XM_021212972.2:1-2136	XP_021068631.1		711	hydroperoxide isomerase ALOXE3
110551722	Aloxe3	arachidonate lipoxygenase 3	Meriones unguiculatus	Mongolian gerbil	10047	NW_018658092.1:112569-134270	-	chr Un	PROTEIN_CODING	XM_021642510.1		2823	XM_021642510.1:134-2269	XP_021498185.1		711	hydroperoxide isomerase ALOXE3
110584484	ALOXE3	arachidonate lipoxygenase 3	Neomonachus schauinslandi	Hawaiian monk seal	29088	NC_058417.1:2833155-2853303	-	chr 15	PROTEIN_CODING	XM_044921541.1	transcript variant X2	3486	XM_044921541.1:660-2795	XP_044777476.1		711	hydroperoxide isomerase ALOXE3
110584484	ALOXE3	arachidonate lipoxygenase 3	Neomonachus schauinslandi	Hawaiian monk seal	29088	NC_058417.1:2833155-2853303	-	chr 15	PROTEIN_CODING	XM_044921540.1	transcript variant X1	3462	XM_044921540.1:636-2771	XP_044777475.1		711	hydroperoxide isomerase ALOXE3
111161151	LOC111161151	arachidonate lipoxygenase 3	Enhydra lutris kenyoni		391180	NW_019154166.1:2694654-2714815	-	chr Un	PROTEIN_CODING	XM_022524678.1		2684	XM_022524678.1:16-2151	XP_022380386.1		711	hydroperoxide isomerase ALOXE3
111185793	ALOXE3	arachidonate lipoxygenase 3	Delphinapterus leucas	beluga whale	9749	NW_022098035.1:11307871-11327271	-	chr Un	PROTEIN_CODING	XM_022595712.2		2162	XM_022595712.2:1-2133	XP_022451420.1		710	LOW QUALITY PROTEIN: hydroperoxide isomerase ALOXE3
111527078	ALOXE3	arachidonate lipoxygenase 3	Piliocolobus tephrosceles	Ugandan red Colobus	591936	NC_045449.1:7945090-7971286	-	chr 16	PROTEIN_CODING	XM_023193256.1	transcript variant X1	3370	XM_023193256.1:131-2656	XP_023049024.1	isoform X1	841	hydroperoxide isomerase ALOXE3
111527078	ALOXE3	arachidonate lipoxygenase 3	Piliocolobus tephrosceles	Ugandan red Colobus	591936	NC_045449.1:7945090-7971286	-	chr 16	PROTEIN_CODING	XM_023193257.1	transcript variant X2	3213	XM_023193257.1:364-2499	XP_023049025.1	isoform X2	711	hydroperoxide isomerase ALOXE3
111527078	ALOXE3	arachidonate lipoxygenase 3	Piliocolobus tephrosceles	Ugandan red Colobus	591936	NC_045449.1:7945090-7971286	-	chr 16	PROTEIN_CODING	XM_023193258.1	transcript variant X3	3340	XM_023193258.1:26-2626	XP_023049026.1	isoform X3	866	hydroperoxide isomerase ALOXE3
111527078	ALOXE3	arachidonate lipoxygenase 3	Piliocolobus tephrosceles	Ugandan red Colobus	591936	NC_045449.1:7945090-7971286	-	chr 16	PROTEIN_CODING	XM_031934361.1	transcript variant X4	3148	XM_031934361.1:302-2434	XP_031790221.1	isoform X4	710	hydroperoxide isomerase ALOXE3
112308514	ALOXE3	arachidonate lipoxygenase 3	Desmodus rotundus	common vampire bat	9430	NW_020092766.1:11709939-11727484	-	chr Un	PROTEIN_CODING	XM_045199300.1	transcript variant X2	3084	XM_045199300.1:214-2346	XP_045055235.1	isoform X2	710	hydroperoxide isomerase ALOXE3
112308514	ALOXE3	arachidonate lipoxygenase 3	Desmodus rotundus	common vampire bat	9430	NW_020092766.1:11709939-11727484	-	chr Un	PROTEIN_CODING	XM_024564792.2	transcript variant X1	2899	XM_024564792.2:26-2161	XP_024420560.1	isoform X1	711	hydroperoxide isomerase ALOXE3
112401885	ALOXE3	arachidonate lipoxygenase 3	Neophocaena asiaeorientalis asiaeorientalis	Yangtze finless porpoise	1706337	NW_020173671.1:516771-537720	-	chr Un	PROTEIN_CODING	XM_024748411.1		3379	XM_024748411.1:1-2664	XP_024604179.1		887	LOW QUALITY PROTEIN: hydroperoxide isomerase ALOXE3
112609608	ALOXE3	arachidonate lipoxygenase 3	Theropithecus gelada	gelada	9565	NC_037684.1:64399866-64425730	-	chr 16	PROTEIN_CODING	XM_025362551.1		3514	XM_025362551.1:269-2800	XP_025218336.1		843	LOW QUALITY PROTEIN: hydroperoxide isomerase ALOXE3
112647409	ALOXE3	arachidonate lipoxygenase 3	Canis lupus dingo	dingo	286419	NW_023365093.1:33147391-33171166	-	chr 5	PROTEIN_CODING	XM_035716429.1	transcript variant X4	3516	XM_035716429.1:678-2642	XP_035572322.1	isoform X3	654	hydroperoxide isomerase ALOXE3
112647409	ALOXE3	arachidonate lipoxygenase 3	Canis lupus dingo	dingo	286419	NW_023365093.1:33147391-33171166	-	chr 5	PROTEIN_CODING	XM_025428452.2	transcript variant X1	3686	XM_025428452.2:677-2812	XP_025284237.1	isoform X1	711	hydroperoxide isomerase ALOXE3
112647409	ALOXE3	arachidonate lipoxygenase 3	Canis lupus dingo	dingo	286419	NW_023365093.1:33147391-33171166	-	chr 5	PROTEIN_CODING	XM_035716428.1	transcript variant X3	3595	XM_035716428.1:676-2721	XP_035572321.1	isoform X2	681	hydroperoxide isomerase ALOXE3
112647409	ALOXE3	arachidonate lipoxygenase 3	Canis lupus dingo	dingo	286419	NW_023365093.1:33147391-33171166	-	chr 5	PROTEIN_CODING	XM_035716427.1	transcript variant X2	3204	XM_035716427.1:195-2330	XP_035572320.1	isoform X1	711	hydroperoxide isomerase ALOXE3
112817155	ALOXE3	arachidonate lipoxygenase 3	Callorhinus ursinus	northern fur seal	34884	NW_020313450.1:2950678-2969378	-	chr Un	PROTEIN_CODING	XM_025864148.1		2846	XM_025864148.1:25-2160	XP_025719933.1		711	hydroperoxide isomerase ALOXE3
112924867	ALOXE3	arachidonate lipoxygenase 3	Vulpes vulpes	red fox	9627	NW_020356487.1:2643909-2668019	-	chr Un	PROTEIN_CODING	XM_026005442.1	transcript variant X1	3531	XM_026005442.1:435-2672	XP_025861227.1	isoform X1	745	hydroperoxide isomerase ALOXE3
112924867	ALOXE3	arachidonate lipoxygenase 3	Vulpes vulpes	red fox	9627	NW_020356487.1:2643909-2668019	-	chr Un	PROTEIN_CODING	XM_026005443.1	transcript variant X2	3873	XM_026005443.1:879-3014	XP_025861228.1	isoform X2	711	hydroperoxide isomerase ALOXE3
113183982	Aloxe3	arachidonate lipoxygenase 3	Urocitellus parryii	Arctic ground squirrel	9999	NW_020539965.1:973867-994532	-	chr Un	PROTEIN_CODING	XM_026390538.1		2843	XM_026390538.1:468-2603	XP_026246323.1		711	hydroperoxide isomerase ALOXE3
113271146	ALOXE3	arachidonate lipoxygenase 3	Ursus arctos horribilis		116960	NW_020656175.1:2702783-2721993	-	chr Un	PROTEIN_CODING	XM_044391772.1	transcript variant X2	2350	XM_044391772.1:218-2350	XP_044247707.1	isoform X2	710	hydroperoxide isomerase ALOXE3
113271146	ALOXE3	arachidonate lipoxygenase 3	Ursus arctos horribilis		116960	NW_020656175.1:2702783-2721993	-	chr Un	PROTEIN_CODING	XM_026520881.2	transcript variant X1	2353	XM_026520881.2:218-2353	XP_026376666.1	isoform X1	711	hydroperoxide isomerase ALOXE3
113632941	ALOXE3	arachidonate lipoxygenase 3	Lagenorhynchus obliquidens	Pacific white-sided dolphin	90247	NW_020837982.1:11106813-11127808	-	chr Un	PROTEIN_CODING	XM_027130746.1		3343	XM_027130746.1:1-2604	XP_026986547.1		867	LOW QUALITY PROTEIN: hydroperoxide isomerase ALOXE3
113878189	ALOXE3	arachidonate lipoxygenase 3	Bos indicus x Bos taurus	hybrid cattle	30522	NC_040094.1:28779211-28799925	-	chr 19	PROTEIN_CODING	XM_027519100.1		3071	XM_027519100.1:165-2300	XP_027374901.1		711	hydroperoxide isomerase ALOXE3
113939629	ALOXE3	arachidonate lipoxygenase 3	Zalophus californianus	California sea lion	9704	NC_045610.1:2994710-3014444	-	chr 16	PROTEIN_CODING	XM_027626040.2	transcript variant X2	3751	XM_027626040.2:936-3071	XP_027481841.1	isoform X2	711	hydroperoxide isomerase ALOXE3
113939629	ALOXE3	arachidonate lipoxygenase 3	Zalophus californianus	California sea lion	9704	NC_045610.1:2994710-3014444	-	chr 16	PROTEIN_CODING	XM_027626039.2	transcript variant X1	3841	XM_027626039.2:936-3161	XP_027481840.1	isoform X1	741	hydroperoxide isomerase ALOXE3
113939629	ALOXE3	arachidonate lipoxygenase 3	Zalophus californianus	California sea lion	9704	NC_045610.1:2994710-3014444	-	chr 16	PROTEIN_CODING	XM_027626041.2	transcript variant X3	2781	XM_027626041.2:936-2663	XP_027481842.1	isoform X3	575	hydroperoxide isomerase ALOXE3
114039472	ALOXE3	arachidonate lipoxygenase 3	Vombatus ursinus	common wombat	29139	NW_020951694.1:1856445-1879699	-	chr Un	PROTEIN_CODING	XM_027857254.1	transcript variant X2	2364	XM_027857254.1:203-2134	XP_027713055.1	isoform X2	643	hydroperoxide isomerase ALOXE3
114039472	ALOXE3	arachidonate lipoxygenase 3	Vombatus ursinus	common wombat	29139	NW_020951694.1:1856445-1879699	-	chr Un	PROTEIN_CODING	XM_027857253.1	transcript variant X1	2568	XM_027857253.1:203-2338	XP_027713054.1	isoform X1	711	hydroperoxide isomerase ALOXE3
114101681	Aloxe3	arachidonate lipoxygenase 3	Marmota flaviventris	yellow-bellied marmot	93162	NW_023144813.1:1084076-1104769	-	chr Un	PROTEIN_CODING	XM_027946770.1		2839	XM_027946770.1:468-2603	XP_027802571.1		711	hydroperoxide isomerase ALOXE3
114225375	ALOXE3	arachidonate lipoxygenase 3	Eumetopias jubatus	Steller sea lion	34886	NW_020998736.1:3112195-3130575	+	chr Un	PROTEIN_CODING	XM_028125025.1		2242	XM_028125025.1:25-2160	XP_027980826.1		711	hydroperoxide isomerase ALOXE3
114631750	Aloxe3	arachidonate lipoxygenase 3	Grammomys surdaster		491861	NW_021604783.1:2741669-2765937	+	chr Un	PROTEIN_CODING	XM_028780143.1		2510	XM_028780143.1:22-2157	XP_028635976.1		711	hydroperoxide isomerase ALOXE3
114693158	Aloxe3	arachidonate lipoxygenase 3	Peromyscus leucopus	white-footed mouse	10041	NC_051086.1:52036905-52061695	+	chr 8b	PROTEIN_CODING	XM_028869428.2	transcript variant X3	3050	XM_028869428.2:276-2411	XP_028725261.1	isoform X3	711	hydroperoxide isomerase ALOXE3
114693158	Aloxe3	arachidonate lipoxygenase 3	Peromyscus leucopus	white-footed mouse	10041	NC_051086.1:52036905-52061695	+	chr 8b	PROTEIN_CODING	XM_028869427.2	transcript variant X1	3063	XM_028869427.2:286-2424	XP_028725260.1	isoform X1	712	hydroperoxide isomerase ALOXE3
114693158	Aloxe3	arachidonate lipoxygenase 3	Peromyscus leucopus	white-footed mouse	10041	NC_051086.1:52036905-52061695	+	chr 8b	PROTEIN_CODING	XM_037200924.1	transcript variant X2	3219	XM_037200924.1:286-2277	XP_037056819.1	isoform X2	663	hydroperoxide isomerase ALOXE3
115282668	ALOXE3	arachidonate lipoxygenase 3	Suricata suricatta	meerkat	37032	NC_043716.1:2540628-2559942	-	chr 17	PROTEIN_CODING	XM_029928802.1		2472	XM_029928802.1:1-2010	XP_029784662.1		669	hydroperoxide isomerase ALOXE3
115500998	ALOXE3	arachidonate lipoxygenase 3	Lynx canadensis	Canada lynx	61383	NC_044316.2:2761581-2780858	-	chr E1	PROTEIN_CODING	XM_032591111.1		2709	XM_032591111.1:109-2244	XP_032447002.1		711	hydroperoxide isomerase ALOXE3
116078132	Aloxe3	arachidonate lipoxygenase 3	Mastomys coucha	southern multimammate mouse	35658	NW_022196911.1:64358530-64382167	+	chr Un	PROTEIN_CODING	XR_004113435.1	transcript variant X3	2411					
116078132	Aloxe3	arachidonate lipoxygenase 3	Mastomys coucha	southern multimammate mouse	35658	NW_022196911.1:64358530-64382167	+	chr Un	PROTEIN_CODING	XM_031353111.1	transcript variant X2	2434	XM_031353111.1:182-2065	XP_031208971.1	isoform X2	627	hydroperoxide isomerase ALOXE3
116078132	Aloxe3	arachidonate lipoxygenase 3	Mastomys coucha	southern multimammate mouse	35658	NW_022196911.1:64358530-64382167	+	chr Un	PROTEIN_CODING	XM_031353110.1	transcript variant X1	2680	XM_031353110.1:182-2317	XP_031208970.1	isoform X1	711	hydroperoxide isomerase ALOXE3
116458633	ALOXE3	arachidonate lipoxygenase 3	Hylobates moloch	silvery gibbon	81572	NW_022611661.1:39110357-39134251	-	chr Un	PROTEIN_CODING	XM_032138441.1	transcript variant X4	3546	XM_032138441.1:702-2837	XP_031994332.1	isoform X1	711	hydroperoxide isomerase ALOXE3
116458633	ALOXE3	arachidonate lipoxygenase 3	Hylobates moloch	silvery gibbon	81572	NW_022611661.1:39110357-39134251	-	chr Un	PROTEIN_CODING	XM_032138440.1	transcript variant X3	3757	XM_032138440.1:913-3048	XP_031994331.1	isoform X1	711	hydroperoxide isomerase ALOXE3
116458633	ALOXE3	arachidonate lipoxygenase 3	Hylobates moloch	silvery gibbon	81572	NW_022611661.1:39110357-39134251	-	chr Un	PROTEIN_CODING	XM_032138438.1	transcript variant X1	3920	XM_032138438.1:1076-3211	XP_031994329.1	isoform X1	711	hydroperoxide isomerase ALOXE3
116458633	ALOXE3	arachidonate lipoxygenase 3	Hylobates moloch	silvery gibbon	81572	NW_022611661.1:39110357-39134251	-	chr Un	PROTEIN_CODING	XM_032138439.1	transcript variant X2	2825	XM_032138439.1:1077-2744	XP_031994330.1	isoform X2	555	hydroperoxide isomerase ALOXE3
116553165	ALOXE3	arachidonate lipoxygenase 3	Sapajus apella	tufted capuchin	9515	NW_022436952.1:25069935-25101420	+	chr Un	PROTEIN_CODING	XR_004269655.1	transcript variant X6	2450					
116553165	ALOXE3	arachidonate lipoxygenase 3	Sapajus apella	tufted capuchin	9515	NW_022436952.1:25069935-25101420	+	chr Un	PROTEIN_CODING	XM_032280375.1	transcript variant X4	3372	XM_032280375.1:351-2669	XP_032136266.1	isoform X4	772	hydroperoxide isomerase ALOXE3
116553165	ALOXE3	arachidonate lipoxygenase 3	Sapajus apella	tufted capuchin	9515	NW_022436952.1:25069935-25101420	+	chr Un	PROTEIN_CODING	XM_032280380.1	transcript variant X10	3363	XM_032280380.1:520-2655	XP_032136271.1	isoform X9	711	hydroperoxide isomerase ALOXE3
116553165	ALOXE3	arachidonate lipoxygenase 3	Sapajus apella	tufted capuchin	9515	NW_022436952.1:25069935-25101420	+	chr Un	PROTEIN_CODING	XM_032280379.1	transcript variant X9	3385	XM_032280379.1:520-2682	XP_032136270.1	isoform X8	720	hydroperoxide isomerase ALOXE3
116553165	ALOXE3	arachidonate lipoxygenase 3	Sapajus apella	tufted capuchin	9515	NW_022436952.1:25069935-25101420	+	chr Un	PROTEIN_CODING	XM_032280376.1	transcript variant X5	2907	XM_032280376.1:497-2266	XP_032136267.1	isoform X5	589	hydroperoxide isomerase ALOXE3
116553165	ALOXE3	arachidonate lipoxygenase 3	Sapajus apella	tufted capuchin	9515	NW_022436952.1:25069935-25101420	+	chr Un	PROTEIN_CODING	XM_032280378.1	transcript variant X8	2288	XM_032280378.1:495-2162	XP_032136269.1	isoform X7	555	hydroperoxide isomerase ALOXE3
116553165	ALOXE3	arachidonate lipoxygenase 3	Sapajus apella	tufted capuchin	9515	NW_022436952.1:25069935-25101420	+	chr Un	PROTEIN_CODING	XM_032280377.1	transcript variant X7	2266	XM_032280377.1:495-2183	XP_032136268.1	isoform X6	562	hydroperoxide isomerase ALOXE3
116553165	ALOXE3	arachidonate lipoxygenase 3	Sapajus apella	tufted capuchin	9515	NW_022436952.1:25069935-25101420	+	chr Un	PROTEIN_CODING	XM_032280372.1	transcript variant X1	3265	XM_032280372.1:487-2562	XP_032136263.1	isoform X1	691	hydroperoxide isomerase ALOXE3
116553165	ALOXE3	arachidonate lipoxygenase 3	Sapajus apella	tufted capuchin	9515	NW_022436952.1:25069935-25101420	+	chr Un	PROTEIN_CODING	XM_032280373.1	transcript variant X2	3142	XM_032280373.1:487-2439	XP_032136264.1	isoform X2	650	hydroperoxide isomerase ALOXE3
116553165	ALOXE3	arachidonate lipoxygenase 3	Sapajus apella	tufted capuchin	9515	NW_022436952.1:25069935-25101420	+	chr Un	PROTEIN_CODING	XM_032280374.1	transcript variant X3	2930	XM_032280374.1:486-2381	XP_032136265.1	isoform X3	631	hydroperoxide isomerase ALOXE3
116578104	ALOXE3	arachidonate lipoxygenase 3	Mustela erminea	ermine	36723	NC_045631.1:2725009-2746027	-	chr 18	PROTEIN_CODING	XM_032322054.1	transcript variant X1	3160	XM_032322054.1:312-2447	XP_032177945.1	isoform X1	711	hydroperoxide isomerase ALOXE3
116578104	ALOXE3	arachidonate lipoxygenase 3	Mustela erminea	ermine	36723	NC_045631.1:2725009-2746027	-	chr 18	PROTEIN_CODING	XM_032322055.1	transcript variant X2	2807	XM_032322055.1:304-2094	XP_032177946.1	isoform X2	596	hydroperoxide isomerase ALOXE3
116649358	ALOXE3	arachidonate lipoxygenase 3	Phoca vitulina	harbor seal	9720	NW_022589750.1:2811183-2829931	-	chr Un	PROTEIN_CODING	XM_032432114.1	transcript variant X1	3201	XM_032432114.1:380-2515	XP_032288005.1	isoform X1	711	hydroperoxide isomerase ALOXE3
116649358	ALOXE3	arachidonate lipoxygenase 3	Phoca vitulina	harbor seal	9720	NW_022589750.1:2811183-2829931	-	chr Un	PROTEIN_CODING	XM_032432116.1	transcript variant X3	2531	XM_032432116.1:25-1845	XP_032288007.1	isoform X3	606	hydroperoxide isomerase ALOXE3
116649358	ALOXE3	arachidonate lipoxygenase 3	Phoca vitulina	harbor seal	9720	NW_022589750.1:2811183-2829931	-	chr Un	PROTEIN_CODING	XM_032432115.1	transcript variant X2	2346	XM_032432115.1:380-2230	XP_032288006.1	isoform X2	616	hydroperoxide isomerase ALOXE3
116856512	ALOXE3	arachidonate lipoxygenase 3	Lontra canadensis	Northern American river otter	76717	NW_022631104.1:2773548-2793518	-	chr Un	PROTEIN_CODING	XM_032839942.1		2638	XM_032839942.1:50-2185	XP_032695833.1		711	hydroperoxide isomerase ALOXE3
116909747	Aloxe3	arachidonate lipoxygenase 3	Rattus rattus	black rat	10117	NC_046162.1:48725451-48749193	+	chr 9	PROTEIN_CODING	XM_032913427.1	transcript variant X2	2508	XM_032913427.1:122-2143	XP_032769318.1	isoform X2	673	hydroperoxide isomerase ALOXE3
116909747	Aloxe3	arachidonate lipoxygenase 3	Rattus rattus	black rat	10117	NC_046162.1:48725451-48749193	+	chr 9	PROTEIN_CODING	XM_032913428.1	transcript variant X3	2430	XM_032913428.1:44-2065	XP_032769319.1	isoform X2	673	hydroperoxide isomerase ALOXE3
116909747	Aloxe3	arachidonate lipoxygenase 3	Rattus rattus	black rat	10117	NC_046162.1:48725451-48749193	+	chr 9	PROTEIN_CODING	XM_032913429.1	transcript variant X4	2552	XM_032913429.1:443-2431	XP_032769320.1	isoform X3	662	hydroperoxide isomerase ALOXE3
116909747	Aloxe3	arachidonate lipoxygenase 3	Rattus rattus	black rat	10117	NC_046162.1:48725451-48749193	+	chr 9	PROTEIN_CODING	XM_032913426.1	transcript variant X1	2942	XM_032913426.1:442-2577	XP_032769317.1	isoform X1	711	hydroperoxide isomerase ALOXE3
117013451	ALOXE3	arachidonate lipoxygenase 3	Rhinolophus ferrumequinum	greater horseshoe bat	59479	NC_046304.1:10869679-10890516	+	chr 21	PROTEIN_CODING	XM_033090613.1		3184	XM_033090613.1:346-2481	XP_032946504.1		711	hydroperoxide isomerase ALOXE3
117067738	ALOXE3	arachidonate lipoxygenase 3	Trachypithecus francoisi	Francois's langur	54180	NW_022681466.1:64198463-64224108	+	chr Un	PROTEIN_CODING	XM_033184654.1	transcript variant X1	3732	XM_033184654.1:385-3018	XP_033040545.1	isoform X1	877	hydroperoxide isomerase ALOXE3
117067738	ALOXE3	arachidonate lipoxygenase 3	Trachypithecus francoisi	Francois's langur	54180	NW_022681466.1:64198463-64224108	+	chr Un	PROTEIN_CODING	XM_033184655.1	transcript variant X2	2667	XM_033184655.1:385-2550	XP_033040546.1	isoform X2	721	hydroperoxide isomerase ALOXE3
117710950	Aloxe3	arachidonate lipoxygenase 3	Arvicanthis niloticus	African grass rat	61156	NC_047663.1:52677743-52701398	-	chr 6	PROTEIN_CODING	XM_034506287.1		2510	XM_034506287.1:21-2156	XP_034362178.1		711	hydroperoxide isomerase ALOXE3
118000045	ALOXE3	arachidonate lipoxygenase 3	Mirounga leonina	Southern elephant seal	9715	NW_023270777.1:2730061-2749378	-	chr Un	PROTEIN_CODING	XM_034989545.1	transcript variant X1	3176	XM_034989545.1:430-2394	XP_034845436.1	isoform X1	654	hydroperoxide isomerase ALOXE3
118000045	ALOXE3	arachidonate lipoxygenase 3	Mirounga leonina	Southern elephant seal	9715	NW_023270777.1:2730061-2749378	-	chr Un	PROTEIN_CODING	XM_034989546.1	transcript variant X2	3044	XM_034989546.1:127-2262	XP_034845437.1	isoform X2	711	hydroperoxide isomerase ALOXE3
118537142	ALOXE3	arachidonate lipoxygenase 3	Halichoerus grypus	gray seal	9711	NW_023404330.1:465101-484413	+	chr Un	PROTEIN_CODING	XM_036094534.1	transcript variant X3	2864	XM_036094534.1:945-2795	XP_035950427.1	isoform X3	616	hydroperoxide isomerase ALOXE3
118537142	ALOXE3	arachidonate lipoxygenase 3	Halichoerus grypus	gray seal	9711	NW_023404330.1:465101-484413	+	chr Un	PROTEIN_CODING	XM_036094533.1	transcript variant X2	3599	XM_036094533.1:944-2908	XP_035950426.1	isoform X2	654	hydroperoxide isomerase ALOXE3
118537142	ALOXE3	arachidonate lipoxygenase 3	Halichoerus grypus	gray seal	9711	NW_023404330.1:465101-484413	+	chr Un	PROTEIN_CODING	XM_036094531.1	transcript variant X1	3766	XM_036094531.1:940-3075	XP_035950424.1	isoform X1	711	hydroperoxide isomerase ALOXE3
118537142	ALOXE3	arachidonate lipoxygenase 3	Halichoerus grypus	gray seal	9711	NW_023404330.1:465101-484413	+	chr Un	PROTEIN_CODING	XM_036094535.1	transcript variant X4	2707	XM_036094535.1:196-2016	XP_035950428.1	isoform X4	606	hydroperoxide isomerase ALOXE3
118589834	Aloxe3	arachidonate lipoxygenase 3	Onychomys torridus	southern grasshopper mouse	38674	NC_050450.1:57362276-57386895	+	chr 8	PROTEIN_CODING	XM_036197463.1		3608	XM_036197463.1:840-2975	XP_036053356.1		711	hydroperoxide isomerase ALOXE3
118634238	ALOXE3	arachidonate lipoxygenase 3	Molossus molossus	Pallas's mastiff bat	27622	NW_023425354.1:48587572-48610791	-	chr Un	PROTEIN_CODING	XM_036268632.1	transcript variant X1	2386	XM_036268632.1:1-2136	XP_036124525.1	isoform X1	711	hydroperoxide isomerase ALOXE3
118634238	ALOXE3	arachidonate lipoxygenase 3	Molossus molossus	Pallas's mastiff bat	27622	NW_023425354.1:48587572-48610791	-	chr Un	PROTEIN_CODING	XM_036268633.1	transcript variant X2	2133	XM_036268633.1:1-2133	XP_036124526.1	isoform X2	710	hydroperoxide isomerase ALOXE3
118672110	ALOXE3	arachidonate lipoxygenase 3	Myotis myotis		51298	NW_023416321.1:40651303-40673869	-	chr Un	PROTEIN_CODING	XM_036341519.1	transcript variant X4	3071	XM_036341519.1:282-2417	XP_036197412.1	isoform X4	711	hydroperoxide isomerase ALOXE3
118672110	ALOXE3	arachidonate lipoxygenase 3	Myotis myotis		51298	NW_023416321.1:40651303-40673869	-	chr Un	PROTEIN_CODING	XM_036341518.1	transcript variant X3	2860	XM_036341518.1:266-2206	XP_036197411.1	isoform X3	646	hydroperoxide isomerase ALOXE3
118672110	ALOXE3	arachidonate lipoxygenase 3	Myotis myotis		51298	NW_023416321.1:40651303-40673869	-	chr Un	PROTEIN_CODING	XM_036341516.1	transcript variant X1	2964	XM_036341516.1:178-2310	XP_036197409.1	isoform X1	710	hydroperoxide isomerase ALOXE3
118672110	ALOXE3	arachidonate lipoxygenase 3	Myotis myotis		51298	NW_023416321.1:40651303-40673869	-	chr Un	PROTEIN_CODING	XM_036341517.1	transcript variant X2	2932	XM_036341517.1:178-2145	XP_036197410.1	isoform X2	655	hydroperoxide isomerase ALOXE3
118917877	ALOXE3	arachidonate lipoxygenase 3	Manis pentadactyla	Chinese pangolin	143292	NW_023458232.1:4806079-4825616	-	chr Un	PROTEIN_CODING	XM_036896167.1		2776	XM_036896167.1:305-2440	XP_036752062.1		711	hydroperoxide isomerase ALOXE3
119049055	ALOXE3	arachidonate lipoxygenase 3	Artibeus jamaicensis	Jamaican fruit-eating bat	9417	NW_023548852.1:6667541-6684224	-	chr Un	PROTEIN_CODING	XM_037144975.1	transcript variant X2	2151	XM_037144975.1:16-2151	XP_037000870.1	isoform X2	711	hydroperoxide isomerase ALOXE3
119049055	ALOXE3	arachidonate lipoxygenase 3	Artibeus jamaicensis	Jamaican fruit-eating bat	9417	NW_023548852.1:6667541-6684224	-	chr Un	PROTEIN_CODING	XM_037144974.1	transcript variant X1	2133	XM_037144974.1:1-2133	XP_037000869.1	isoform X1	710	hydroperoxide isomerase ALOXE3
119232234	ALOXE3	arachidonate lipoxygenase 3	Talpa occidentalis	Iberian mole	50954	NW_023605083.1:92041907-92063415	-	chr Un	PROTEIN_CODING	XM_037494191.1		2914	XM_037494191.1:109-2244	XP_037350088.1		711	hydroperoxide isomerase ALOXE3
119812707	Aloxe3	arachidonate lipoxygenase 3	Arvicola amphibius	Eurasian water vole	1047088	NC_052050.1:51872569-51894454	-	chr 4	PROTEIN_CODING	XM_038327561.1		2278	XM_038327561.1:16-2151	XP_038183489.1		711	hydroperoxide isomerase ALOXE3
119947215	ALOXE3	arachidonate lipoxygenase 3	Tachyglossus aculeatus	Australian echidna	9261	NC_052096.1:3879809-3910880	-	chr Y4	PROTEIN_CODING	XM_038768817.1	transcript variant X1	2161	XM_038768817.1:1-2136	XP_038624745.1	isoform X1	711	hydroperoxide isomerase ALOXE3
119947215	ALOXE3	arachidonate lipoxygenase 3	Tachyglossus aculeatus	Australian echidna	9261	NC_052096.1:3879809-3910880	-	chr Y4	PROTEIN_CODING	XM_038768818.1	transcript variant X2	2130	XM_038768818.1:1-2130	XP_038624746.1	isoform X2	709	hydroperoxide isomerase ALOXE3
120231419	ALOXE3	arachidonate lipoxygenase 3	Hyaena hyaena	striped hyena	95912	NW_024080689.1:3559074-3579057	+	chr Un	PROTEIN_CODING	XM_039231562.1	transcript variant X1	2136	XM_039231562.1:1-2136	XP_039087493.1	isoform X1	711	hydroperoxide isomerase ALOXE3
120231419	ALOXE3	arachidonate lipoxygenase 3	Hyaena hyaena	striped hyena	95912	NW_024080689.1:3559074-3579057	+	chr Un	PROTEIN_CODING	XM_039231563.1	transcript variant X2	2133	XM_039231563.1:1-2133	XP_039087494.1	isoform X2	710	hydroperoxide isomerase ALOXE3
120589697	ALOXE3	arachidonate lipoxygenase 3	Pteropus giganteus	Indian flying fox	143291	NW_024352783.1:862117-882566	-	chr Un	PROTEIN_CODING	XM_039847278.1		3804	XM_039847278.1:937-3072	XP_039703212.1		711	hydroperoxide isomerase ALOXE3
120866020	ALOXE3	arachidonate lipoxygenase 3	Oryx dammah	scimitar-horned oryx	59534	NW_024070192.1:34463489-34484123	+	chr Un	PROTEIN_CODING	XM_040243431.1		2941	XM_040243431.1:79-2214	XP_040099365.1		711	hydroperoxide isomerase ALOXE3
121015957	ALOXE3	arachidonate lipoxygenase 3	Puma yagouaroundi	jaguarundi	1608482	NW_024412439.1:9917543-9937452	+	chr Un	PROTEIN_CODING	XM_040453298.1	transcript variant X2	3052	XM_040453298.1:218-2542	XP_040309232.1	isoform X2	774	hydroperoxide isomerase ALOXE3
121015957	ALOXE3	arachidonate lipoxygenase 3	Puma yagouaroundi	jaguarundi	1608482	NW_024412439.1:9917543-9937452	+	chr Un	PROTEIN_CODING	XM_040453297.1	transcript variant X1	2918	XM_040453297.1:81-2408	XP_040309231.1	isoform X1	775	hydroperoxide isomerase ALOXE3
121015957	ALOXE3	arachidonate lipoxygenase 3	Puma yagouaroundi	jaguarundi	1608482	NW_024412439.1:9917543-9937452	+	chr Un	PROTEIN_CODING	XM_040453299.1	transcript variant X3	2828	XM_040453299.1:81-2318	XP_040309233.1	isoform X3	745	hydroperoxide isomerase ALOXE3
121015957	ALOXE3	arachidonate lipoxygenase 3	Puma yagouaroundi	jaguarundi	1608482	NW_024412439.1:9917543-9937452	+	chr Un	PROTEIN_CODING	XM_040453300.1	transcript variant X4	2903	XM_040453300.1:258-2393	XP_040309234.1	isoform X4	711	hydroperoxide isomerase ALOXE3
121169832	ALOXE3	arachidonate lipoxygenase 3	Ochotona curzoniae	black-lipped pika	130825	NW_024467094.1:7227929-7252786	+	chr Un	PROTEIN_CODING	XM_041000585.1	transcript variant X1	2637	XM_041000585.1:67-2205	XP_040856519.1	isoform X1	712	hydroperoxide isomerase ALOXE3
121169832	ALOXE3	arachidonate lipoxygenase 3	Ochotona curzoniae	black-lipped pika	130825	NW_024467094.1:7227929-7252786	+	chr Un	PROTEIN_CODING	XM_041000586.1	transcript variant X2	2568	XM_041000586.1:1-2136	XP_040856520.1	isoform X2	711	hydroperoxide isomerase ALOXE3
121457114	Aloxe3	arachidonate lipoxygenase 3	Microtus oregoni	creeping vole	111838	NW_024543074.1:29388855-29412178	-	chr Un	PROTEIN_CODING	XM_041665790.1	transcript variant X2	2926	XM_041665790.1:387-2168	XP_041521724.1	isoform X2	593	hydroperoxide isomerase ALOXE3
121457114	Aloxe3	arachidonate lipoxygenase 3	Microtus oregoni	creeping vole	111838	NW_024543074.1:29388855-29412178	-	chr Un	PROTEIN_CODING	XM_041665789.1	transcript variant X1	3210	XM_041665789.1:320-2452	XP_041521723.1	isoform X1	710	hydroperoxide isomerase ALOXE3
121500136	ALOXE3	arachidonate lipoxygenase 3	Vulpes lagopus	Arctic fox	494514	NC_054833.1:59292238-59315954	-	chr 10	PROTEIN_CODING	XM_041771601.1	transcript variant X1	3189	XM_041771601.1:114-2351	XP_041627535.1	isoform X1	745	hydroperoxide isomerase ALOXE3
121500136	ALOXE3	arachidonate lipoxygenase 3	Vulpes lagopus	Arctic fox	494514	NC_054833.1:59292238-59315954	-	chr 10	PROTEIN_CODING	XM_041771602.1	transcript variant X2	3516	XM_041771602.1:543-2678	XP_041627536.1	isoform X2	711	hydroperoxide isomerase ALOXE3
122100410	Aloxe3	arachidonate lipoxygenase 3	Dipodomys spectabilis	banner-tailed kangaroo rat	105255	NW_024871253.1:558854-589014	+	chr Un	PROTEIN_CODING	XM_042670813.1		2584	XM_042670813.1:22-2160	XP_042526747.1		712	hydroperoxide isomerase ALOXE3
122206853	ALOXE3	arachidonate lipoxygenase 3	Panthera leo	lion	9689	NC_056692.1:2786306-2805373	-	chr E1	PROTEIN_CODING	XM_042916450.1		2644	XM_042916450.1:16-2151	XP_042772384.1		711	hydroperoxide isomerase ALOXE3
122445980	ALOXE3	arachidonate lipoxygenase 3	Cervus canadensis		1574408	NC_057386.1:32811283-32832052	+	chr 1	PROTEIN_CODING	XM_043475632.1		3038	XM_043475632.1:212-2347	XP_043331567.1		711	hydroperoxide isomerase ALOXE3
122484921	ALOXE3	arachidonate lipoxygenase 3	Prionailurus bengalensis	leopard cat	37029	NC_057347.1:2798913-2820064	-	chr E1	PROTEIN_CODING	XM_043583036.1	transcript variant X2	3349	XM_043583036.1:411-2546	XP_043438971.1	isoform X1	711	hydroperoxide isomerase ALOXE3
122484921	ALOXE3	arachidonate lipoxygenase 3	Prionailurus bengalensis	leopard cat	37029	NC_057347.1:2798913-2820064	-	chr E1	PROTEIN_CODING	XM_043583035.1	transcript variant X1	3210	XM_043583035.1:272-2407	XP_043438970.1	isoform X1	711	hydroperoxide isomerase ALOXE3
122484921	ALOXE3	arachidonate lipoxygenase 3	Prionailurus bengalensis	leopard cat	37029	NC_057347.1:2798913-2820064	-	chr E1	PROTEIN_CODING	XM_043583037.1	transcript variant X3	3251	XM_043583037.1:316-2448	XP_043438972.1	isoform X2	710	hydroperoxide isomerase ALOXE3
122693434	ALOXE3	arachidonate lipoxygenase 3	Cervus elaphus	red deer	9860	NC_057819.1:100262727-100283508	-	chr 5	PROTEIN_CODING	XM_043900931.1		3049	XM_043900931.1:212-2347	XP_043756866.1		711	hydroperoxide isomerase ALOXE3
122756093	ALOXE3	arachidonate lipoxygenase 3	Dromiciops gliroides	monito del monte	33562	NC_057864.1:234823558-234846858	-	chr 4	PROTEIN_CODING	XM_044005198.1	transcript variant X2	2816	XM_044005198.1:100-2232	XP_043861133.1	isoform X2	710	hydroperoxide isomerase ALOXE3
122756093	ALOXE3	arachidonate lipoxygenase 3	Dromiciops gliroides	monito del monte	33562	NC_057864.1:234823558-234846858	-	chr 4	PROTEIN_CODING	XM_044005197.1	transcript variant X1	2819	XM_044005197.1:100-2235	XP_043861132.1	isoform X1	711	hydroperoxide isomerase ALOXE3
122906730	ALOXE3	arachidonate lipoxygenase 3	Neogale vison	American mink	452646	NC_058095.1:56991832-57013192	-	chr 5	PROTEIN_CODING	XM_044249030.1		3141	XM_044249030.1:301-2436	XP_044104965.1		711	hydroperoxide isomerase ALOXE3
123243987	ALOXE3	arachidonate lipoxygenase 3	Gracilinanus agilis	Agile Gracile Mouse Opossum	191870	NC_058133.1:249666620-249690830	+	chr 4	PROTEIN_CODING	XM_044672198.1		2268	XM_044672198.1:1-2133	XP_044528133.1		710	hydroperoxide isomerase ALOXE3
123604346	ALOXE3	arachidonate lipoxygenase 3	Leopardus geoffroyi	Geoffroy's cat	46844	NC_059330.1:2732573-2752283	-	chr E1	PROTEIN_CODING	XM_045490298.1	transcript variant X2	3071	XM_045490298.1:280-2568	XP_045346254.1	isoform X2	762	hydroperoxide isomerase ALOXE3
123604346	ALOXE3	arachidonate lipoxygenase 3	Leopardus geoffroyi	Geoffroy's cat	46844	NC_059330.1:2732573-2752283	-	chr E1	PROTEIN_CODING	XM_045490296.1	transcript variant X1	3069	XM_045490296.1:275-2566	XP_045346252.1	isoform X1	763	hydroperoxide isomerase ALOXE3
123604346	ALOXE3	arachidonate lipoxygenase 3	Leopardus geoffroyi	Geoffroy's cat	46844	NC_059330.1:2732573-2752283	-	chr E1	PROTEIN_CODING	XM_045490299.1	transcript variant X3	2978	XM_045490299.1:274-2475	XP_045346255.1	isoform X3	733	hydroperoxide isomerase ALOXE3
123604346	ALOXE3	arachidonate lipoxygenase 3	Leopardus geoffroyi	Geoffroy's cat	46844	NC_059330.1:2732573-2752283	-	chr E1	PROTEIN_CODING	XM_045490300.1	transcript variant X4	2904	XM_045490300.1:266-2401	XP_045346256.1	isoform X4	711	hydroperoxide isomerase ALOXE3
123604346	ALOXE3	arachidonate lipoxygenase 3	Leopardus geoffroyi	Geoffroy's cat	46844	NC_059330.1:2732573-2752283	-	chr E1	PROTEIN_CODING	XM_045490301.1	transcript variant X5	2802	XM_045490301.1:164-2299	XP_045346257.1	isoform X4	711	hydroperoxide isomerase ALOXE3
123650919	ALOXE3	arachidonate lipoxygenase 3	Lemur catta	Ring-tailed lemur	9447	NC_059142.1:10603639-10623122	-	chr 15	PROTEIN_CODING	XM_045570183.1		3213	XM_045570183.1:1-2514	XP_045426139.1		837	LOW QUALITY PROTEIN: hydroperoxide isomerase ALOXE3
123792055	ALOXE3	arachidonate lipoxygenase 3	Ursus americanus	American black bear	9643	NW_025577304.1:4268126-4286764	+	chr Un	PROTEIN_CODING	XM_045797193.1	transcript variant X2	2151	XM_045797193.1:16-2151	XP_045653149.1	isoform X2	711	hydroperoxide isomerase ALOXE3
123792055	ALOXE3	arachidonate lipoxygenase 3	Ursus americanus	American black bear	9643	NW_025577304.1:4268126-4286764	+	chr Un	PROTEIN_CODING	XM_045797192.1	transcript variant X1	2133	XM_045797192.1:1-2133	XP_045653148.1	isoform X1	710	hydroperoxide isomerase ALOXE3
123809290	ALOXE3	arachidonate lipoxygenase 3	Phyllostomus hastatus	greater spear-nosed bat	9423	NW_025334035.1:4346337-4363569	-	chr Un	PROTEIN_CODING	XM_045824322.1		2862	XM_045824322.1:1-2136	XP_045680278.1		711	hydroperoxide isomerase ALOXE3
123854548	ALOXE3	arachidonate lipoxygenase 3	Mirounga angustirostris	Northern elephant seal	9716	NW_025578516.1:52274403-52294652	+	chr Un	PROTEIN_CODING	XM_045889919.1	transcript variant X1	3306	XM_045889919.1:413-2548	XP_045745875.1	isoform X1	711	hydroperoxide isomerase ALOXE3
123854548	ALOXE3	arachidonate lipoxygenase 3	Mirounga angustirostris	Northern elephant seal	9716	NW_025578516.1:52274403-52294652	+	chr Un	PROTEIN_CODING	XM_045889921.1	transcript variant X2	3135	XM_045889921.1:413-2377	XP_045745877.1	isoform X2	654	hydroperoxide isomerase ALOXE3
123930257	ALOXE3	arachidonate lipoxygenase 3	Meles meles	Eurasian badger	9662	NC_060083.1:9043317-9064423	+	chr 18	PROTEIN_CODING	XM_045986590.1		3256	XM_045986590.1:455-2590	XP_045842546.1		711	hydroperoxide isomerase ALOXE3
23801	Aloxe3	arachidonate lipoxygenase 3	Mus musculus	house mouse	10090	NC_000077.7:69016243-69039941	+	chr 11	PROTEIN_CODING	XR_388452.5	transcript variant X7	3382					
23801	Aloxe3	arachidonate lipoxygenase 3	Mus musculus	house mouse	10090	NC_000077.7:69016243-69039941	+	chr 11	PROTEIN_CODING	XR_004936957.1	transcript variant X9	3090					
23801	Aloxe3	arachidonate lipoxygenase 3	Mus musculus	house mouse	10090	NC_000077.7:69016243-69039941	+	chr 11	PROTEIN_CODING	XR_004936956.1	transcript variant X8	3062					
23801	Aloxe3	arachidonate lipoxygenase 3	Mus musculus	house mouse	10090	NC_000077.7:69016243-69039941	+	chr 11	PROTEIN_CODING	XR_003949436.1	transcript variant X4	3315					
23801	Aloxe3	arachidonate lipoxygenase 3	Mus musculus	house mouse	10090	NC_000077.7:69016243-69039941	+	chr 11	PROTEIN_CODING	XR_004936955.1	transcript variant X3	3281					
23801	Aloxe3	arachidonate lipoxygenase 3	Mus musculus	house mouse	10090	NC_000077.7:69016243-69039941	+	chr 11	PROTEIN_CODING	XR_388449.3	transcript variant X1	3275					
23801	Aloxe3	arachidonate lipoxygenase 3	Mus musculus	house mouse	10090	NC_000077.7:69016243-69039941	+	chr 11	PROTEIN_CODING	XR_003949435.1	transcript variant X2	3071					
23801	Aloxe3	arachidonate lipoxygenase 3	Mus musculus	house mouse	10090	NC_000077.7:69016243-69039941	+	chr 11	PROTEIN_CODING	XR_003949437.1	transcript variant X6	2949					
23801	Aloxe3	arachidonate lipoxygenase 3	Mus musculus	house mouse	10090	NC_000077.7:69016243-69039941	+	chr 11	PROTEIN_CODING	XM_030245981.1	transcript variant X5	5098	XM_030245981.1:3277-4722	XP_030101841.1	isoform X1	481	hydroperoxide isomerase ALOXE3
23801	Aloxe3	arachidonate lipoxygenase 3	Mus musculus	house mouse	10090	NC_000077.7:69016243-69039941	+	chr 11	PROTEIN_CODING	NM_011786.2		2538	NM_011786.2:27-2162	NP_035916.2		711	hydroperoxide isomerase ALOXE3
287424	Aloxe3	arachidonate lipoxygenase 3	Rattus norvegicus	Norway rat	10116	NC_051345.1:53830219-53854328	+	chr 10	PROTEIN_CODING	XM_039085442.1	transcript variant X5	2355	XM_039085442.1:1064-2206	XP_038941370.1	isoform X4	380	hydroperoxide isomerase ALOXE3
287424	Aloxe3	arachidonate lipoxygenase 3	Rattus norvegicus	Norway rat	10116	NC_051345.1:53830219-53854328	+	chr 10	PROTEIN_CODING	XM_039085441.1	transcript variant X4	2658	XM_039085441.1:1063-2511	XP_038941369.1	isoform X3	482	hydroperoxide isomerase ALOXE3
287424	Aloxe3	arachidonate lipoxygenase 3	Rattus norvegicus	Norway rat	10116	NC_051345.1:53830219-53854328	+	chr 10	PROTEIN_CODING	XM_017597087.2	transcript variant X1	2458	XM_017597087.2:191-2212	XP_017452576.1	isoform X1	673	hydroperoxide isomerase ALOXE3
287424	Aloxe3	arachidonate lipoxygenase 3	Rattus norvegicus	Norway rat	10116	NC_051345.1:53830219-53854328	+	chr 10	PROTEIN_CODING	XM_017597089.2	transcript variant X3	3059	XM_017597089.2:906-2894	XP_017452578.1	isoform X2	662	hydroperoxide isomerase ALOXE3
287424	Aloxe3	arachidonate lipoxygenase 3	Rattus norvegicus	Norway rat	10116	NC_051345.1:53830219-53854328	+	chr 10	PROTEIN_CODING	XM_017597088.2	transcript variant X2	2412	XM_017597088.2:145-2166	XP_017452577.1	isoform X1	673	hydroperoxide isomerase ALOXE3
287424	Aloxe3	arachidonate lipoxygenase 3	Rattus norvegicus	Norway rat	10116	NC_051345.1:53830219-53854328	+	chr 10	PROTEIN_CODING	NM_001105793.1		2525	NM_001105793.1:27-2162	NP_001099263.1		711	hydroperoxide isomerase ALOXE3
455102	ALOXE3	arachidonate lipoxygenase 3	Pan troglodytes	chimpanzee	9598	NC_036896.1:42695235-42718088	+	chr 17	PROTEIN_CODING	XM_016932469.1		3878	XM_016932469.1:511-3150	XP_016787958.1		879	hydroperoxide isomerase ALOXE3
489487	ALOXE3	arachidonate lipoxygenase 3	Canis lupus familiaris	dog	9615	NC_051809.1:33020545-33044337;NC_049265.1:32987512-33011269;NC_049746.1:32943286-32967078;NC_049226.1:33123298-33147098;NC_006587.4:33053928-33077702	-;-;-;-;-	chr 5	PROTEIN_CODING	XM_038515817.1	transcript variant X3	3517	XM_038515817.1:679-2643	XP_038371745.1	isoform X3	654	hydroperoxide isomerase ALOXE3
489487	ALOXE3	arachidonate lipoxygenase 3	Canis lupus familiaris	dog	9615	NC_051809.1:33020545-33044337;NC_049265.1:32987512-33011269;NC_049746.1:32943286-32967078;NC_049226.1:33123298-33147098;NC_006587.4:33053928-33077702	-;-;-;-;-	chr 5	PROTEIN_CODING	XM_038515816.1	transcript variant X2	3596	XM_038515816.1:677-2722	XP_038371744.1	isoform X2	681	hydroperoxide isomerase ALOXE3
489487	ALOXE3	arachidonate lipoxygenase 3	Canis lupus familiaris	dog	9615	NC_051809.1:33020545-33044337;NC_049265.1:32987512-33011269;NC_049746.1:32943286-32967078;NC_049226.1:33123298-33147098;NC_006587.4:33053928-33077702	-;-;-;-;-	chr 5	PROTEIN_CODING	XM_005620009.4	transcript variant X1	3685	XM_005620009.4:676-2811	XP_005620066.1	isoform X1	711	hydroperoxide isomerase ALOXE3
489487	ALOXE3	arachidonate lipoxygenase 3	Canis lupus familiaris	dog	9615	NC_051809.1:33020545-33044337;NC_049265.1:32987512-33011269;NC_049746.1:32943286-32967078;NC_049226.1:33123298-33147098;NC_006587.4:33053928-33077702	-;-;-;-;-	chr 5	PROTEIN_CODING	XM_038536794.1	transcript variant X3	3517	XM_038536794.1:679-2643	XP_038392722.1	isoform X3	654	hydroperoxide isomerase ALOXE3
489487	ALOXE3	arachidonate lipoxygenase 3	Canis lupus familiaris	dog	9615	NC_051809.1:33020545-33044337;NC_049265.1:32987512-33011269;NC_049746.1:32943286-32967078;NC_049226.1:33123298-33147098;NC_006587.4:33053928-33077702	-;-;-;-;-	chr 5	PROTEIN_CODING	XM_038536793.1	transcript variant X2	3596	XM_038536793.1:677-2722	XP_038392721.1	isoform X2	681	hydroperoxide isomerase ALOXE3
489487	ALOXE3	arachidonate lipoxygenase 3	Canis lupus familiaris	dog	9615	NC_051809.1:33020545-33044337;NC_049265.1:32987512-33011269;NC_049746.1:32943286-32967078;NC_049226.1:33123298-33147098;NC_006587.4:33053928-33077702	-;-;-;-;-	chr 5	PROTEIN_CODING	XM_038536792.1	transcript variant X1	3685	XM_038536792.1:676-2811	XP_038392720.1	isoform X1	711	hydroperoxide isomerase ALOXE3
489487	ALOXE3	arachidonate lipoxygenase 3	Canis lupus familiaris	dog	9615	NC_051809.1:33020545-33044337;NC_049265.1:32987512-33011269;NC_049746.1:32943286-32967078;NC_049226.1:33123298-33147098;NC_006587.4:33053928-33077702	-;-;-;-;-	chr 5	PROTEIN_CODING	XM_038536795.1	transcript variant X5	3204	XM_038536795.1:195-2330	XP_038392723.1	isoform X1	711	hydroperoxide isomerase ALOXE3
489487	ALOXE3	arachidonate lipoxygenase 3	Canis lupus familiaris	dog	9615	NC_051809.1:33020545-33044337;NC_049265.1:32987512-33011269;NC_049746.1:32943286-32967078;NC_049226.1:33123298-33147098;NC_006587.4:33053928-33077702	-;-;-;-;-	chr 5	PROTEIN_CODING	XM_038600948.1	transcript variant X3	3517	XM_038600948.1:679-2643	XP_038456876.1	isoform X3	654	hydroperoxide isomerase ALOXE3
489487	ALOXE3	arachidonate lipoxygenase 3	Canis lupus familiaris	dog	9615	NC_051809.1:33020545-33044337;NC_049265.1:32987512-33011269;NC_049746.1:32943286-32967078;NC_049226.1:33123298-33147098;NC_006587.4:33053928-33077702	-;-;-;-;-	chr 5	PROTEIN_CODING	XM_038600947.1	transcript variant X2	3596	XM_038600947.1:677-2722	XP_038456875.1	isoform X2	681	hydroperoxide isomerase ALOXE3
489487	ALOXE3	arachidonate lipoxygenase 3	Canis lupus familiaris	dog	9615	NC_051809.1:33020545-33044337;NC_049265.1:32987512-33011269;NC_049746.1:32943286-32967078;NC_049226.1:33123298-33147098;NC_006587.4:33053928-33077702	-;-;-;-;-	chr 5	PROTEIN_CODING	XM_038600946.1	transcript variant X1	3685	XM_038600946.1:676-2811	XP_038456874.1	isoform X1	711	hydroperoxide isomerase ALOXE3
489487	ALOXE3	arachidonate lipoxygenase 3	Canis lupus familiaris	dog	9615	NC_051809.1:33020545-33044337;NC_049265.1:32987512-33011269;NC_049746.1:32943286-32967078;NC_049226.1:33123298-33147098;NC_006587.4:33053928-33077702	-;-;-;-;-	chr 5	PROTEIN_CODING	XM_038475621.1	transcript variant X3	3517	XM_038475621.1:679-2643	XP_038331549.1	isoform X3	654	hydroperoxide isomerase ALOXE3
489487	ALOXE3	arachidonate lipoxygenase 3	Canis lupus familiaris	dog	9615	NC_051809.1:33020545-33044337;NC_049265.1:32987512-33011269;NC_049746.1:32943286-32967078;NC_049226.1:33123298-33147098;NC_006587.4:33053928-33077702	-;-;-;-;-	chr 5	PROTEIN_CODING	XM_038475620.1	transcript variant X2	3596	XM_038475620.1:677-2722	XP_038331548.1	isoform X2	681	hydroperoxide isomerase ALOXE3
489487	ALOXE3	arachidonate lipoxygenase 3	Canis lupus familiaris	dog	9615	NC_051809.1:33020545-33044337;NC_049265.1:32987512-33011269;NC_049746.1:32943286-32967078;NC_049226.1:33123298-33147098;NC_006587.4:33053928-33077702	-;-;-;-;-	chr 5	PROTEIN_CODING	XM_038475619.1	transcript variant X1	3685	XM_038475619.1:676-2811	XP_038331547.1	isoform X1	711	hydroperoxide isomerase ALOXE3
489487	ALOXE3	arachidonate lipoxygenase 3	Canis lupus familiaris	dog	9615	NC_051809.1:33020545-33044337;NC_049265.1:32987512-33011269;NC_049746.1:32943286-32967078;NC_049226.1:33123298-33147098;NC_006587.4:33053928-33077702	-;-;-;-;-	chr 5	PROTEIN_CODING	XM_038475622.1	transcript variant X4	3204	XM_038475622.1:195-2330	XP_038331550.1	isoform X1	711	hydroperoxide isomerase ALOXE3
489487	ALOXE3	arachidonate lipoxygenase 3	Canis lupus familiaris	dog	9615	NC_051809.1:33020545-33044337;NC_049265.1:32987512-33011269;NC_049746.1:32943286-32967078;NC_049226.1:33123298-33147098;NC_006587.4:33053928-33077702	-;-;-;-;-	chr 5	PROTEIN_CODING	XM_038665513.1	transcript variant X3	3517	XM_038665513.1:679-2643	XP_038521441.1	isoform X3	654	hydroperoxide isomerase ALOXE3
489487	ALOXE3	arachidonate lipoxygenase 3	Canis lupus familiaris	dog	9615	NC_051809.1:33020545-33044337;NC_049265.1:32987512-33011269;NC_049746.1:32943286-32967078;NC_049226.1:33123298-33147098;NC_006587.4:33053928-33077702	-;-;-;-;-	chr 5	PROTEIN_CODING	XM_038665512.1	transcript variant X2	3596	XM_038665512.1:677-2722	XP_038521440.1	isoform X2	681	hydroperoxide isomerase ALOXE3
489487	ALOXE3	arachidonate lipoxygenase 3	Canis lupus familiaris	dog	9615	NC_051809.1:33020545-33044337;NC_049265.1:32987512-33011269;NC_049746.1:32943286-32967078;NC_049226.1:33123298-33147098;NC_006587.4:33053928-33077702	-;-;-;-;-	chr 5	PROTEIN_CODING	XM_038665511.1	transcript variant X1	3685	XM_038665511.1:676-2811	XP_038521439.1	isoform X1	711	hydroperoxide isomerase ALOXE3
517001	ALOXE3	arachidonate lipoxygenase 3	Bos taurus	cattle	9913	NC_037346.1:27739371-27760112	-	chr 19	PROTEIN_CODING	XM_003587417.5		3107	XM_003587417.5:234-2369	XP_003587465.2		711	hydroperoxide isomerase ALOXE3
59344	ALOXE3	arachidonate lipoxygenase 3	Homo sapiens	human	9606	NC_000017.11:8095900-8118916	-	chr 17	PROTEIN_CODING	XR_001752579.2	transcript variant X3	3014					
59344	ALOXE3	arachidonate lipoxygenase 3	Homo sapiens	human	9606	NC_000017.11:8095900-8118916	-	chr 17	PROTEIN_CODING	XR_001752580.2	transcript variant X5	2145					
59344	ALOXE3	arachidonate lipoxygenase 3	Homo sapiens	human	9606	NC_000017.11:8095900-8118916	-	chr 17	PROTEIN_CODING	NM_001165960.1	transcript variant 1	3415	NM_001165960.1:139-2670	NP_001159432.1	isoform 1 precursor	843	hydroperoxide isomerase ALOXE3
59344	ALOXE3	arachidonate lipoxygenase 3	Homo sapiens	human	9606	NC_000017.11:8095900-8118916	-	chr 17	PROTEIN_CODING	NM_021628.3	transcript variant 2	3205	NM_021628.3:343-2478	NP_067641.2	isoform 2	711	hydroperoxide isomerase ALOXE3
59344	ALOXE3	arachidonate lipoxygenase 3	Homo sapiens	human	9606	NC_000017.11:8095900-8118916	-	chr 17	PROTEIN_CODING	NM_001369446.1	transcript variant 3	3173	NM_001369446.1:314-2446	NP_001356375.1	isoform 3	710	hydroperoxide isomerase ALOXE3
59344	ALOXE3	arachidonate lipoxygenase 3	Homo sapiens	human	9606	NC_000017.11:8095900-8118916	-	chr 17	PROTEIN_CODING	XM_017024922.2	transcript variant X2	2015	XM_017024922.2:274-1965	XP_016880411.1	isoform X2	563	hydroperoxide isomerase ALOXE3
59344	ALOXE3	arachidonate lipoxygenase 3	Homo sapiens	human	9606	NC_000017.11:8095900-8118916	-	chr 17	PROTEIN_CODING	XM_017024921.2	transcript variant X1	2137	XM_017024921.2:274-2121	XP_016880410.1	isoform X1	615	hydroperoxide isomerase ALOXE3
59344	ALOXE3	arachidonate lipoxygenase 3	Homo sapiens	human	9606	NC_000017.11:8095900-8118916	-	chr 17	PROTEIN_CODING	XM_017024924.2	transcript variant X6	1834	XM_017024924.2:274-1743	XP_016880413.1	isoform X4	489	hydroperoxide isomerase ALOXE3
59344	ALOXE3	arachidonate lipoxygenase 3	Homo sapiens	human	9606	NC_000017.11:8095900-8118916	-	chr 17	PROTEIN_CODING	XM_017024923.2	transcript variant X4	2044	XM_017024923.2:274-1893	XP_016880412.1	isoform X3	539	hydroperoxide isomerase ALOXE3
59344	ALOXE3	arachidonate lipoxygenase 3	Homo sapiens	human	9606	NC_000017.11:8095900-8118916	-	chr 17	PROTEIN_CODING	XM_017024925.2	transcript variant X7	1810	XM_017024925.2:274-1743	XP_016880414.1	isoform X4	489	hydroperoxide isomerase ALOXE3
716840	ALOXE3	arachidonate lipoxygenase 3	Macaca mulatta	Rhesus monkey	9544	NC_041769.1:7896604-7924170	-	chr 16	PROTEIN_CODING	XM_002808115.3		3246	XM_002808115.3:1-2532	XP_002808161.2		843	LOW QUALITY PROTEIN: hydroperoxide isomerase ALOXE3
