{
  "genes": {
    "files": [
      {
        "filePath": "gene.fna",
        "fileType": "GENOMIC_NUCLEOTIDE_FASTA"
      },
      {
        "filePath": "rna.fna",
        "fileType": "RNA_NUCLEOTIDE_FASTA"
      },
      {
        "filePath": "protein.faa",
        "fileType": "PROTEIN_FASTA"
      },
      {
        "filePath": "cds.fna",
        "fileType": "CDS_NUCLEOTIDE_FASTA"
      },
      {
        "filePath": "data_report.jsonl",
        "fileType": "DATA_REPORT"
      },
      {
        "filePath": "data_table.tsv",
        "fileType": "DATA_TABLE"
      }
    ]
  },
  "apiVersion": "V1"
}